source_id_field,oid,ccsr_code,internal_id,internal_source,cset_source,grouped_by_bids,concept_id,codeset_id,enclave_codeset_id,enclave_codeset_id_updated_at,concept_set_name
oid,2.16.840.1.113762.1.4.1029.63,,1000000001,input/oids.txt,VSAC,,,,,,
oid,2.16.840.1.113762.1.4.1029.211,,1000000002,input/oids.txt,VSAC,,,,,,
oid,2.16.840.1.113762.1.4.1029.213,,1000000003,input/oids.txt,VSAC,,,,,,
oid,2.16.840.1.113762.1.4.1029.269,,1000000004,input/oids.txt,VSAC,,,,,,
oid,2.16.840.1.113762.1.4.1029.287,,1000000005,input/oids.txt,VSAC,,,,,,
oid,2.16.840.1.113762.1.4.1029.317,,1000000006,input/oids.txt,VSAC,,,,,,
oid,2.16.840.1.113762.1.4.1029.323,,1000000007,input/oids.txt,VSAC,,,,,,
oid,2.16.840.1.113762.1.4.1029.338,,1000000008,input/oids.txt,VSAC,,,,,,
oid,2.16.840.1.113762.1.4.1029.366,,1000000009,input/oids.txt,VSAC,,,,,,
oid,2.16.840.1.113762.1.4.1110.61,,1000000010,input/oids.txt,VSAC,,,,,,[VSAC] Antithrombotic Therapy_Antiplatelet
oid,2.16.840.1.113762.1.4.1110.62,,1000000011,input/oids.txt,VSAC,,,,,,
oid,2.16.840.1.113883.3.117.1.7.1.200,,1000000012,input/oids.txt,VSAC,,,,,,
oid,2.16.840.1.113883.3.117.1.7.1.201,,1000000013,input/oids.txt,VSAC,,,,,,
oid,2.16.840.1.113883.3.117.1.7.1.202,,1000000014,input/oids.txt,VSAC,,,,,,
oid,2.16.840.1.113883.3.117.1.7.1.212,,1000000015,input/oids.txt,VSAC,,,,,,
oid,2.16.840.1.113883.3.117.1.7.1.255,,1000000016,input/oids.txt,VSAC,,,,,,
oid,2.16.840.1.113883.3.117.1.7.1.258,,1000000017,input/oids.txt,VSAC,,,,,,
oid,2.16.840.1.113883.3.117.1.7.1.259,,1000000018,input/oids.txt,VSAC,,,,,,
oid,2.16.840.1.113883.3.117.1.7.1.260,,1000000019,input/oids.txt,VSAC,,,,,,
oid,2.16.840.1.113883.3.117.1.7.1.261,,1000000020,input/oids.txt,VSAC,,,,,,
oid,2.16.840.1.113762.1.4.1029.216,,1000000021,input/oids.txt,VSAC,,,,,,[VSAC] Acute Renal Failure
oid,2.16.840.1.113762.1.4.1110.53,,1000000022,input/oids.txt,VSAC,,,,,,
oid,2.16.840.1.113762.1.4.1029.223,,1000000023,input/oids.txt,VSAC,,,,,,
oid,2.16.840.1.113762.1.4.1029.224,,1000000024,input/oids.txt,VSAC,,,,,,
oid,2.16.840.1.113762.1.4.1029.214,,1000000025,input/oids.txt,VSAC,,,,,,
oid,2.16.840.1.113762.1.4.1029.215,,1000000026,input/oids.txt,VSAC,,,,,,
oid,2.16.840.1.113762.1.4.1029.233,,1000000027,input/oids.txt,VSAC,,,,,,
oid,2.16.840.1.113762.1.4.1029.234,,1000000028,input/oids.txt,VSAC,,,,,,[VSAC] Acute Heart Failure
oid,2.16.840.1.113762.1.4.1029.243,,1000000029,input/oids.txt,VSAC,,,,,,
oid,2.16.840.1.113762.1.4.1029.244,,1000000030,input/oids.txt,VSAC,,,,,,[VSAC] Air and Thrombotic Embolism
oid,2.16.840.1.113762.1.4.1029.309,,1000000031,input/oids.txt,VSAC,,,,,,
oid,2.16.840.1.113762.1.4.1029.310,,1000000032,input/oids.txt,VSAC,,,,,,
oid,2.16.840.1.113762.1.4.1029.225,,1000000033,input/oids.txt,VSAC,,,,,,
oid,2.16.840.1.113762.1.4.1029.226,,1000000034,input/oids.txt,VSAC,,,,,,[VSAC] Eclampsia
oid,2.16.840.1.113762.1.4.1196.475,,1000000035,https://docs.google.com/spreadsheets/d/1jzGrVELQz5L4B_-DqPflPIcpBaTfJOUTrVJT5nS_j18/edit#gid=1335629675,VSAC,,,,,,
oid,2.16.840.1.113762.1.4.1219.2,,1000000036,https://docs.google.com/spreadsheets/d/1jzGrVELQz5L4B_-DqPflPIcpBaTfJOUTrVJT5nS_j18/edit#gid=1335629675,VSAC,,,,,,
oid,2.16.840.1.113762.1.4.1219.1,,1000000037,https://docs.google.com/spreadsheets/d/1jzGrVELQz5L4B_-DqPflPIcpBaTfJOUTrVJT5nS_j18/edit#gid=1335629675,VSAC,,,,,,
oid,2.16.840.1.113883.3.464.1003.102.12.1025,,1000000038,https://docs.google.com/spreadsheets/d/1jzGrVELQz5L4B_-DqPflPIcpBaTfJOUTrVJT5nS_j18/edit#gid=1335629675,VSAC,,,,,,
oid,2.16.840.1.113883.3.526.3.1010,,1000000039,https://docs.google.com/spreadsheets/d/1jzGrVELQz5L4B_-DqPflPIcpBaTfJOUTrVJT5nS_j18/edit#gid=1335629675,VSAC,,,,,,
oid,2.16.840.1.113883.3.3616.200.110.102.3213,,1000000040,https://docs.google.com/spreadsheets/d/1jzGrVELQz5L4B_-DqPflPIcpBaTfJOUTrVJT5nS_j18/edit#gid=1335629675,VSAC,,,1000000040.0,218195822.0,2022-03-18T19:52:44.726Z,[VSAC] Cerebrovascular Diseases
oid,2.16.840.1.113762.1.4.1222.159,,1000000041,https://docs.google.com/spreadsheets/d/1jzGrVELQz5L4B_-DqPflPIcpBaTfJOUTrVJT5nS_j18/edit#gid=1335629675,VSAC,,,,,,
oid,2.16.840.1.113883.3.464.1003.199.12.1035,,1000000042,https://docs.google.com/spreadsheets/d/1jzGrVELQz5L4B_-DqPflPIcpBaTfJOUTrVJT5nS_j18/edit#gid=1335629675,VSAC,,,,,,
oid,2.16.840.1.113883.3.464.1003.102.12.1007,,1000000043,https://docs.google.com/spreadsheets/d/1jzGrVELQz5L4B_-DqPflPIcpBaTfJOUTrVJT5nS_j18/edit#gid=1335629675,VSAC,,,,,,
oid,2.16.840.1.113883.3.464.1003.102.12.1002,,1000000044,https://docs.google.com/spreadsheets/d/1jzGrVELQz5L4B_-DqPflPIcpBaTfJOUTrVJT5nS_j18/edit#gid=1335629675,VSAC,,,,,,
oid,2.16.840.1.113762.1.4.1029.341,,1000000047,https://docs.google.com/spreadsheets/d/1jzGrVELQz5L4B_-DqPflPIcpBaTfJOUTrVJT5nS_j18/edit#gid=1335629675,VSAC,,,,,,
oid,2.16.840.1.113883.3.526.3.376,,1000000048,https://docs.google.com/spreadsheets/d/1jzGrVELQz5L4B_-DqPflPIcpBaTfJOUTrVJT5nS_j18/edit#gid=1335629675,VSAC,,,,,,
oid,2.16.840.1.113883.3.526.3.369,,1000000049,https://docs.google.com/spreadsheets/d/1jzGrVELQz5L4B_-DqPflPIcpBaTfJOUTrVJT5nS_j18/edit#gid=1335629675,VSAC,,,,,,
oid,2.16.840.1.113762.1.4.1222.579,,1000000050,https://docs.google.com/spreadsheets/d/1jzGrVELQz5L4B_-DqPflPIcpBaTfJOUTrVJT5nS_j18/edit#gid=1335629675,VSAC,,,,627401718.0,2022-03-15T07:26:50.329Z,[VSAC] Cardiomyopathy
oid,2.16.840.1.113883.3.464.1003.120.12.1003,,1000000051,https://docs.google.com/spreadsheets/d/1jzGrVELQz5L4B_-DqPflPIcpBaTfJOUTrVJT5nS_j18/edit#gid=1335629675,VSAC,,,,,,
oid,2.16.840.1.113762.1.4.1029.332,,1000000052,https://docs.google.com/spreadsheets/d/1jzGrVELQz5L4B_-DqPflPIcpBaTfJOUTrVJT5nS_j18/edit#gid=1335629675,VSAC,,,,,,
oid,2.16.840.1.113883.3.666.5.1726,,1000000053,https://docs.google.com/spreadsheets/d/1jzGrVELQz5L4B_-DqPflPIcpBaTfJOUTrVJT5nS_j18/edit#gid=1335629675,VSAC,,,,,,
oid,2.16.840.1.113883.3.666.5.777,,1000000054,https://docs.google.com/spreadsheets/d/1jzGrVELQz5L4B_-DqPflPIcpBaTfJOUTrVJT5nS_j18/edit#gid=1335629675,VSAC,,,,,,
oid,2.16.840.1.113762.1.4.1029.314,,1000000055,https://docs.google.com/spreadsheets/d/1jzGrVELQz5L4B_-DqPflPIcpBaTfJOUTrVJT5nS_j18/edit#gid=1335629675,VSAC,,,,,,
oid,2.16.840.1.113762.1.4.1222.36,,1000000056,https://docs.google.com/spreadsheets/d/1jzGrVELQz5L4B_-DqPflPIcpBaTfJOUTrVJT5nS_j18/edit#gid=1335629675,VSAC,,,,,,
oid,2.16.840.1.113762.1.4.1047.502,,1000000057,https://docs.google.com/spreadsheets/d/1jzGrVELQz5L4B_-DqPflPIcpBaTfJOUTrVJT5nS_j18/edit#gid=1335629675,VSAC,,,,,,
oid,2.16.840.1.113883.3.526.3.378,,1000000058,https://docs.google.com/spreadsheets/d/1jzGrVELQz5L4B_-DqPflPIcpBaTfJOUTrVJT5nS_j18/edit#gid=1335629675,VSAC,,,,,,
oid,2.16.840.1.113762.1.4.1029.281,,1000000059,https://docs.google.com/spreadsheets/d/1jzGrVELQz5L4B_-DqPflPIcpBaTfJOUTrVJT5nS_j18/edit#gid=1335629675,VSAC,,,,,,
oid,2.16.840.1.113883.17.4077.3.1036,,1000000060,https://docs.google.com/spreadsheets/d/1jzGrVELQz5L4B_-DqPflPIcpBaTfJOUTrVJT5nS_j18/edit#gid=1335629675,VSAC,,,,,,
oid,2.16.840.1.113762.1.4.1029.35,,1000000061,https://docs.google.com/spreadsheets/d/1jzGrVELQz5L4B_-DqPflPIcpBaTfJOUTrVJT5nS_j18/edit#gid=1335629675,VSAC,,,,,,
oid,2.16.840.1.113762.1.4.1222.1158,,1000000062,https://docs.google.com/spreadsheets/d/1jzGrVELQz5L4B_-DqPflPIcpBaTfJOUTrVJT5nS_j18/edit#gid=1335629675,VSAC,,,,,,
oid,2.16.840.1.113883.3.464.1003.198.12.1075,,1000000063,https://docs.google.com/spreadsheets/d/1jzGrVELQz5L4B_-DqPflPIcpBaTfJOUTrVJT5nS_j18/edit#gid=1335629675,VSAC,,,,,,
oid,2.16.840.1.113883.3.464.1003.109.12.1012,,1000000064,https://docs.google.com/spreadsheets/d/1jzGrVELQz5L4B_-DqPflPIcpBaTfJOUTrVJT5nS_j18/edit#gid=1335629675,VSAC,,,,,,
oid,2.16.840.1.113762.1.4.1056.81,,1000000065,https://docs.google.com/spreadsheets/d/1jzGrVELQz5L4B_-DqPflPIcpBaTfJOUTrVJT5nS_j18/edit#gid=1335629675,VSAC,,,,,,[VSAC] Blood Transfusion 81
oid,2.16.840.1.113762.1.4.1032.221,,1000000066,https://docs.google.com/spreadsheets/d/1jzGrVELQz5L4B_-DqPflPIcpBaTfJOUTrVJT5nS_j18/edit#gid=1335629675,VSAC,,,,,,
oid,2.16.840.1.113883.3.464.1003.106.12.1001,,1000000067,https://docs.google.com/spreadsheets/d/1jzGrVELQz5L4B_-DqPflPIcpBaTfJOUTrVJT5nS_j18/edit#gid=1335629675,VSAC,,,,,,
oid,2.16.840.1.113762.1.4.1222.773,,1000000068,https://docs.google.com/spreadsheets/d/1jzGrVELQz5L4B_-DqPflPIcpBaTfJOUTrVJT5nS_j18/edit#gid=1335629675,VSAC,,,,,,
oid,2.16.840.1.113762.1.4.1222.43,,1000000069,https://docs.google.com/spreadsheets/d/1jzGrVELQz5L4B_-DqPflPIcpBaTfJOUTrVJT5nS_j18/edit#gid=1335629675,VSAC,,,,,,
oid,2.16.840.1.113762.1.4.1032.258,,1000000070,https://docs.google.com/spreadsheets/d/1jzGrVELQz5L4B_-DqPflPIcpBaTfJOUTrVJT5nS_j18/edit#gid=1335629675,VSAC,,,,,,[VSAC] Immunosuppressant medications for inflammatory bowel disease or rheumatoid arthritis
oid,2.16.840.1.113883.3.464.1003.196.11.1085,,1000000071,https://docs.google.com/spreadsheets/d/1jzGrVELQz5L4B_-DqPflPIcpBaTfJOUTrVJT5nS_j18/edit#gid=1335629675,VSAC,,,,,,[VSAC] Inhaled Corticosteroids
oid,2.16.840.1.113883.3.3616.200.110.102.2061,,1000000072,https://docs.google.com/spreadsheets/d/1jzGrVELQz5L4B_-DqPflPIcpBaTfJOUTrVJT5nS_j18/edit#gid=1335629675,VSAC,,,,,,"[VSAC] Corticosteroids, Systemic"
oid,2.16.840.1.113762.1.4.1029.133,,1000000073,https://docs.google.com/spreadsheets/d/1jzGrVELQz5L4B_-DqPflPIcpBaTfJOUTrVJT5nS_j18/edit#gid=1335629675,VSAC,,,,,,
oid,2.16.840.1.113883.3.666.5.1570,,1000000074,https://docs.google.com/spreadsheets/d/1jzGrVELQz5L4B_-DqPflPIcpBaTfJOUTrVJT5nS_j18/edit#gid=1335629675,VSAC,,,,,,
oid,2.16.840.1.113762.1.4.1146.1099,,1000000075,https://docs.google.com/spreadsheets/d/1jzGrVELQz5L4B_-DqPflPIcpBaTfJOUTrVJT5nS_j18/edit#gid=1335629675,VSAC,,,,,,
oid,2.16.840.1.113762.1.4.1146.1092,,1000000076,https://docs.google.com/spreadsheets/d/1jzGrVELQz5L4B_-DqPflPIcpBaTfJOUTrVJT5nS_j18/edit#gid=1335629675,VSAC,,,,,,[VSAC] Congenital heart disease 
oid,2.16.840.1.113883.3.526.3.1005,,1000000077,https://docs.google.com/spreadsheets/d/1jzGrVELQz5L4B_-DqPflPIcpBaTfJOUTrVJT5nS_j18/edit#gid=1335629675,VSAC,,,,,,
oid,2.16.840.1.113762.1.4.1034.444,,1000000078,https://docs.google.com/spreadsheets/d/1jzGrVELQz5L4B_-DqPflPIcpBaTfJOUTrVJT5nS_j18/edit#gid=1335629675,VSAC,,,,,,
oid,2.16.840.1.113762.1.4.1034.413,,1000000079,https://docs.google.com/spreadsheets/d/1jzGrVELQz5L4B_-DqPflPIcpBaTfJOUTrVJT5nS_j18/edit#gid=1335629675,VSAC,,,,,,
oid,2.16.840.1.113762.1.4.1234.65,,1000000080,https://docs.google.com/spreadsheets/d/1jzGrVELQz5L4B_-DqPflPIcpBaTfJOUTrVJT5nS_j18/edit#gid=1335629675,VSAC,,,,,,
oid,2.16.840.1.113883.17.4077.3.1011,,1000000081,https://docs.google.com/spreadsheets/d/1jzGrVELQz5L4B_-DqPflPIcpBaTfJOUTrVJT5nS_j18/edit#gid=1335629675,VSAC,,,,,,
oid,2.16.840.1.113883.17.4077.3.1027,,1000000082,https://docs.google.com/spreadsheets/d/1jzGrVELQz5L4B_-DqPflPIcpBaTfJOUTrVJT5nS_j18/edit#gid=1335629675,VSAC,,,,,,
oid,2.16.840.1.113762.1.4.1146.285,,1000000083,https://docs.google.com/spreadsheets/d/1jzGrVELQz5L4B_-DqPflPIcpBaTfJOUTrVJT5nS_j18/edit#gid=1335629675,VSAC,,,,,,
oid,2.16.840.1.113762.1.4.1146.766,,1000000084,https://docs.google.com/spreadsheets/d/1jzGrVELQz5L4B_-DqPflPIcpBaTfJOUTrVJT5nS_j18/edit#gid=1335629675,VSAC,,,,,,[VSAC] Encephalitis (Disorders) 
oid,2.16.840.1.113762.1.4.1034.51,,1000000085,https://docs.google.com/spreadsheets/d/1jzGrVELQz5L4B_-DqPflPIcpBaTfJOUTrVJT5nS_j18/edit#gid=1335629675,VSAC,,,,,,
oid,2.16.840.1.113883.3.666.5.490,,1000000086,https://docs.google.com/spreadsheets/d/1jzGrVELQz5L4B_-DqPflPIcpBaTfJOUTrVJT5nS_j18/edit#gid=1335629675,VSAC,,,,,,
oid,2.16.840.1.113883.3.7587.3.1011,,1000000087,https://docs.google.com/spreadsheets/d/1jzGrVELQz5L4B_-DqPflPIcpBaTfJOUTrVJT5nS_j18/edit#gid=1335629675,VSAC,,,,,,
oid,2.16.840.1.113762.1.4.1146.716,,1000000088,https://docs.google.com/spreadsheets/d/1jzGrVELQz5L4B_-DqPflPIcpBaTfJOUTrVJT5nS_j18/edit#gid=1335629675,VSAC,,,,,,
oid,2.16.840.1.113762.1.4.1146.715,,1000000089,https://docs.google.com/spreadsheets/d/1jzGrVELQz5L4B_-DqPflPIcpBaTfJOUTrVJT5nS_j18/edit#gid=1335629675,VSAC,,,,,,[VSAC] Meningitis 
oid,2.16.840.1.113762.1.4.1034.187,,1000000090,https://docs.google.com/spreadsheets/d/1jzGrVELQz5L4B_-DqPflPIcpBaTfJOUTrVJT5nS_j18/edit#gid=1335629675,VSAC,,,,,,
oid,2.16.840.1.113762.1.4.1034.177,,1000000091,https://docs.google.com/spreadsheets/d/1jzGrVELQz5L4B_-DqPflPIcpBaTfJOUTrVJT5nS_j18/edit#gid=1335629675,VSAC,,,,,,
oid,2.16.840.1.113762.1.4.1034.596,,1000000092,https://docs.google.com/spreadsheets/d/1jzGrVELQz5L4B_-DqPflPIcpBaTfJOUTrVJT5nS_j18/edit#gid=1335629675,VSAC,,,,,,[VSAC] Parkinson's Disease 
oid,2.16.840.1.113762.1.4.1029.353,,1000000093,https://docs.google.com/spreadsheets/d/1jzGrVELQz5L4B_-DqPflPIcpBaTfJOUTrVJT5nS_j18/edit#gid=1335629675,VSAC,,,,,,
oid,2.16.840.1.113883.3.464.1003.104.12.1024,,1000000094,https://docs.google.com/spreadsheets/d/1jzGrVELQz5L4B_-DqPflPIcpBaTfJOUTrVJT5nS_j18/edit#gid=1335629675,VSAC,,,,,,
oid,2.16.840.1.113762.1.4.1029.308,,1000000095,https://docs.google.com/spreadsheets/d/1jzGrVELQz5L4B_-DqPflPIcpBaTfJOUTrVJT5nS_j18/edit#gid=1335629675,VSAC,,,,,,
oid,2.16.840.1.113762.1.4.1206.36,,1000000096,https://docs.google.com/spreadsheets/d/1jzGrVELQz5L4B_-DqPflPIcpBaTfJOUTrVJT5nS_j18/edit#gid=1335629675,VSAC,,,1000000096.0,798820225.0,2022-03-18T19:52:33.368Z,[VSAC] Hemiplegia Symptoms
oid,2.16.840.1.113762.1.4.1247.63,,1000000103,https://docs.google.com/spreadsheets/d/1jzGrVELQz5L4B_-DqPflPIcpBaTfJOUTrVJT5nS_j18/edit#gid=1272275514,VSAC,,,,,,
oid,2.16.840.1.113762.1.4.1247.17,,1000000104,https://docs.google.com/spreadsheets/d/1jzGrVELQz5L4B_-DqPflPIcpBaTfJOUTrVJT5nS_j18/edit#gid=1272275514,VSAC,,,,,,
oid,2.16.840.1.113762.1.4.1247.18,,1000000105,https://docs.google.com/spreadsheets/d/1jzGrVELQz5L4B_-DqPflPIcpBaTfJOUTrVJT5nS_j18/edit#gid=1272275514,VSAC,,,,,,
oid,2.16.840.1.113762.1.4.1247.24,,1000000106,https://docs.google.com/spreadsheets/d/1jzGrVELQz5L4B_-DqPflPIcpBaTfJOUTrVJT5nS_j18/edit#gid=1272275514,VSAC,,,,,,
oid,2.16.840.1.113762.1.4.1247.48,,1000000107,https://docs.google.com/spreadsheets/d/1jzGrVELQz5L4B_-DqPflPIcpBaTfJOUTrVJT5nS_j18/edit#gid=1272275514,VSAC,,,,,,
oid,2.16.840.1.113762.1.4.1247.84,,1000000108,https://docs.google.com/spreadsheets/d/1jzGrVELQz5L4B_-DqPflPIcpBaTfJOUTrVJT5nS_j18/edit#gid=1272275514,VSAC,,,,,,
oid,2.16.840.1.113762.1.4.1247.35,,1000000109,https://docs.google.com/spreadsheets/d/1jzGrVELQz5L4B_-DqPflPIcpBaTfJOUTrVJT5nS_j18/edit#gid=1272275514,VSAC,,,,,,
oid,2.16.840.1.113762.1.4.1247.81,,1000000110,https://docs.google.com/spreadsheets/d/1jzGrVELQz5L4B_-DqPflPIcpBaTfJOUTrVJT5nS_j18/edit#gid=1272275514,VSAC,,,,,,
oid,2.16.840.1.113762.1.4.1247.75,,1000000111,https://docs.google.com/spreadsheets/d/1jzGrVELQz5L4B_-DqPflPIcpBaTfJOUTrVJT5nS_j18/edit#gid=1272275514,VSAC,,,,,,
oid,2.16.840.1.113762.1.4.1247.26,,1000000112,https://docs.google.com/spreadsheets/d/1jzGrVELQz5L4B_-DqPflPIcpBaTfJOUTrVJT5nS_j18/edit#gid=1272275514,VSAC,,,,,,
oid,2.16.840.1.113762.1.4.1247.42,,1000000113,https://docs.google.com/spreadsheets/d/1jzGrVELQz5L4B_-DqPflPIcpBaTfJOUTrVJT5nS_j18/edit#gid=1272275514,VSAC,,,,,,
oid,2.16.840.1.113762.1.4.1247.78,,1000000114,https://docs.google.com/spreadsheets/d/1jzGrVELQz5L4B_-DqPflPIcpBaTfJOUTrVJT5nS_j18/edit#gid=1272275514,VSAC,,,,,,
oid,2.16.840.1.113762.1.4.1247.67,,1000000115,https://docs.google.com/spreadsheets/d/1jzGrVELQz5L4B_-DqPflPIcpBaTfJOUTrVJT5nS_j18/edit#gid=1272275514,VSAC,,,,,,
oid,2.16.840.1.113762.1.4.1247.32,,1000000116,https://docs.google.com/spreadsheets/d/1jzGrVELQz5L4B_-DqPflPIcpBaTfJOUTrVJT5nS_j18/edit#gid=1272275514,VSAC,,,,,,
oid,2.16.840.1.113762.1.4.1247.7,,1000000117,https://docs.google.com/spreadsheets/d/1jzGrVELQz5L4B_-DqPflPIcpBaTfJOUTrVJT5nS_j18/edit#gid=1272275514,VSAC,,,,,,
oid,2.16.840.1.113762.1.4.1247.20,,1000000118,https://docs.google.com/spreadsheets/d/1jzGrVELQz5L4B_-DqPflPIcpBaTfJOUTrVJT5nS_j18/edit#gid=1272275514,VSAC,,,,,,
oid,2.16.840.1.113762.1.4.1247.44,,1000000119,https://docs.google.com/spreadsheets/d/1jzGrVELQz5L4B_-DqPflPIcpBaTfJOUTrVJT5nS_j18/edit#gid=1272275514,VSAC,,,,,,
oid,2.16.840.1.113762.1.4.1247.52,,1000000120,https://docs.google.com/spreadsheets/d/1jzGrVELQz5L4B_-DqPflPIcpBaTfJOUTrVJT5nS_j18/edit#gid=1272275514,VSAC,,,,,,
oid,2.16.840.1.113762.1.4.1247.97,,1000000121,https://docs.google.com/spreadsheets/d/1jzGrVELQz5L4B_-DqPflPIcpBaTfJOUTrVJT5nS_j18/edit#gid=1272275514,VSAC,,,,,,
oid,2.16.840.1.113762.1.4.1247.56,,1000000122,https://docs.google.com/spreadsheets/d/1jzGrVELQz5L4B_-DqPflPIcpBaTfJOUTrVJT5nS_j18/edit#gid=1272275514,VSAC,,,,,,
oid,2.16.840.1.113762.1.4.1247.39,,1000000123,https://docs.google.com/spreadsheets/d/1jzGrVELQz5L4B_-DqPflPIcpBaTfJOUTrVJT5nS_j18/edit#gid=1272275514,VSAC,,,,,,
oid,2.16.840.1.113762.1.4.1247.94,,1000000124,https://docs.google.com/spreadsheets/d/1jzGrVELQz5L4B_-DqPflPIcpBaTfJOUTrVJT5nS_j18/edit#gid=1272275514,VSAC,,,,,,
oid,2.16.840.1.113762.1.4.1196.789,,1000000125,https://docs.google.com/spreadsheets/d/1jzGrVELQz5L4B_-DqPflPIcpBaTfJOUTrVJT5nS_j18/edit#gid=1272275514,VSAC,,,,,,
oid,2.16.840.1.113762.1.4.1247.87,,1000000126,https://docs.google.com/spreadsheets/d/1jzGrVELQz5L4B_-DqPflPIcpBaTfJOUTrVJT5nS_j18/edit#gid=1272275514,VSAC,,,,,,
oid,2.16.840.1.113762.1.4.1247.27,,1000000127,https://docs.google.com/spreadsheets/d/1jzGrVELQz5L4B_-DqPflPIcpBaTfJOUTrVJT5nS_j18/edit#gid=1272275514,VSAC,,,,,,
oid,2.16.840.1.113762.1.4.1247.59,,1000000128,https://docs.google.com/spreadsheets/d/1jzGrVELQz5L4B_-DqPflPIcpBaTfJOUTrVJT5nS_j18/edit#gid=1272275514,VSAC,,,,,,
oid,2.16.840.1.113762.1.4.1247.90,,1000000129,https://docs.google.com/spreadsheets/d/1jzGrVELQz5L4B_-DqPflPIcpBaTfJOUTrVJT5nS_j18/edit#gid=1272275514,VSAC,,,,,,
oid,2.16.840.1.113762.1.4.1247.68,,1000000130,https://docs.google.com/spreadsheets/d/1jzGrVELQz5L4B_-DqPflPIcpBaTfJOUTrVJT5nS_j18/edit#gid=1272275514,VSAC,,,,,,
oid,2.16.840.1.113762.1.4.1247.31,,1000000131,https://docs.google.com/spreadsheets/d/1jzGrVELQz5L4B_-DqPflPIcpBaTfJOUTrVJT5nS_j18/edit#gid=1272275514,VSAC,,,,,,
oid,2.16.840.1.113762.1.4.1247.11,,1000000132,https://docs.google.com/spreadsheets/d/1jzGrVELQz5L4B_-DqPflPIcpBaTfJOUTrVJT5nS_j18/edit#gid=1272275514,VSAC,,,,,,
oid,2.16.840.1.113762.1.4.1247.21,,1000000133,https://docs.google.com/spreadsheets/d/1jzGrVELQz5L4B_-DqPflPIcpBaTfJOUTrVJT5nS_j18/edit#gid=1272275514,VSAC,,,,,,
oid,2.16.840.1.113762.1.4.1247.45,,1000000134,https://docs.google.com/spreadsheets/d/1jzGrVELQz5L4B_-DqPflPIcpBaTfJOUTrVJT5nS_j18/edit#gid=1272275514,VSAC,,,,,,
oid,2.16.840.1.113762.1.4.1247.53,,1000000135,https://docs.google.com/spreadsheets/d/1jzGrVELQz5L4B_-DqPflPIcpBaTfJOUTrVJT5nS_j18/edit#gid=1272275514,VSAC,,,,,,
oid,2.16.840.1.113762.1.4.1247.98,,1000000136,https://docs.google.com/spreadsheets/d/1jzGrVELQz5L4B_-DqPflPIcpBaTfJOUTrVJT5nS_j18/edit#gid=1272275514,VSAC,,,,,,
oid,2.16.840.1.113762.1.4.1247.57,,1000000137,https://docs.google.com/spreadsheets/d/1jzGrVELQz5L4B_-DqPflPIcpBaTfJOUTrVJT5nS_j18/edit#gid=1272275514,VSAC,,,,,,
oid,2.16.840.1.113762.1.4.1247.38,,1000000138,https://docs.google.com/spreadsheets/d/1jzGrVELQz5L4B_-DqPflPIcpBaTfJOUTrVJT5nS_j18/edit#gid=1272275514,VSAC,,,,,,
oid,2.16.840.1.113762.1.4.1247.95,,1000000139,https://docs.google.com/spreadsheets/d/1jzGrVELQz5L4B_-DqPflPIcpBaTfJOUTrVJT5nS_j18/edit#gid=1272275514,VSAC,,,,,,
oid,2.16.840.1.113762.1.4.1196.790,,1000000140,https://docs.google.com/spreadsheets/d/1jzGrVELQz5L4B_-DqPflPIcpBaTfJOUTrVJT5nS_j18/edit#gid=1272275514,VSAC,,,,,,
oid,2.16.840.1.113762.1.4.1247.92,,1000000141,https://docs.google.com/spreadsheets/d/1jzGrVELQz5L4B_-DqPflPIcpBaTfJOUTrVJT5nS_j18/edit#gid=1272275514,VSAC,,,,,,
oid,2.16.840.1.113762.1.4.1247.28,,1000000142,https://docs.google.com/spreadsheets/d/1jzGrVELQz5L4B_-DqPflPIcpBaTfJOUTrVJT5nS_j18/edit#gid=1272275514,VSAC,,,,,,
oid,2.16.840.1.113762.1.4.1247.60,,1000000143,https://docs.google.com/spreadsheets/d/1jzGrVELQz5L4B_-DqPflPIcpBaTfJOUTrVJT5nS_j18/edit#gid=1272275514,VSAC,,,,,,
oid,2.16.840.1.113762.1.4.1247.91,,1000000144,https://docs.google.com/spreadsheets/d/1jzGrVELQz5L4B_-DqPflPIcpBaTfJOUTrVJT5nS_j18/edit#gid=1272275514,VSAC,,,,,,
oid,2.16.840.1.113762.1.4.1247.65,,1000000145,https://docs.google.com/spreadsheets/d/1jzGrVELQz5L4B_-DqPflPIcpBaTfJOUTrVJT5nS_j18/edit#gid=1272275514,VSAC,,,,,,
oid,2.16.840.1.113762.1.4.1247.30,,1000000146,https://docs.google.com/spreadsheets/d/1jzGrVELQz5L4B_-DqPflPIcpBaTfJOUTrVJT5nS_j18/edit#gid=1272275514,VSAC,,,,,,
oid,2.16.840.1.113762.1.4.1247.16,,1000000147,https://docs.google.com/spreadsheets/d/1jzGrVELQz5L4B_-DqPflPIcpBaTfJOUTrVJT5nS_j18/edit#gid=1272275514,VSAC,,,,,,
oid,2.16.840.1.113762.1.4.1247.50,,1000000148,https://docs.google.com/spreadsheets/d/1jzGrVELQz5L4B_-DqPflPIcpBaTfJOUTrVJT5nS_j18/edit#gid=1272275514,VSAC,,,,,,
oid,2.16.840.1.113762.1.4.1247.100,,1000000149,https://docs.google.com/spreadsheets/d/1jzGrVELQz5L4B_-DqPflPIcpBaTfJOUTrVJT5nS_j18/edit#gid=1272275514,VSAC,,,,,,
oid,2.16.840.1.113762.1.4.1247.55,,1000000150,https://docs.google.com/spreadsheets/d/1jzGrVELQz5L4B_-DqPflPIcpBaTfJOUTrVJT5nS_j18/edit#gid=1272275514,VSAC,,,,,,
oid,2.16.840.1.113762.1.4.1247.37,,1000000151,https://docs.google.com/spreadsheets/d/1jzGrVELQz5L4B_-DqPflPIcpBaTfJOUTrVJT5nS_j18/edit#gid=1272275514,VSAC,,,,,,
oid,2.16.840.1.113762.1.4.1247.89,,1000000152,https://docs.google.com/spreadsheets/d/1jzGrVELQz5L4B_-DqPflPIcpBaTfJOUTrVJT5nS_j18/edit#gid=1272275514,VSAC,,,,,,
oid,2.16.840.1.113762.1.4.1247.71,,1000000153,https://docs.google.com/spreadsheets/d/1jzGrVELQz5L4B_-DqPflPIcpBaTfJOUTrVJT5nS_j18/edit#gid=1272275514,VSAC,,,,,,
oid,2.16.840.1.113762.1.4.1247.86,,1000000154,https://docs.google.com/spreadsheets/d/1jzGrVELQz5L4B_-DqPflPIcpBaTfJOUTrVJT5nS_j18/edit#gid=1272275514,VSAC,,,,,,
oid,2.16.840.1.113762.1.4.1247.70,,1000000155,https://docs.google.com/spreadsheets/d/1jzGrVELQz5L4B_-DqPflPIcpBaTfJOUTrVJT5nS_j18/edit#gid=1272275514,VSAC,,,,,,
oid,2.16.840.1.113762.1.4.1196.788,,1000000156,https://docs.google.com/spreadsheets/d/1jzGrVELQz5L4B_-DqPflPIcpBaTfJOUTrVJT5nS_j18/edit#gid=1272275514,VSAC,,,,,,
oid,2.16.840.1.113883.3.666.5.3011,,1000000157,https://docs.google.com/spreadsheets/d/1jzGrVELQz5L4B_-DqPflPIcpBaTfJOUTrVJT5nS_j18/edit#gid=612526229,VSAC,,,,,,
oid,2.16.840.1.113883.3.526.3.403,,1000000158,https://docs.google.com/spreadsheets/d/1jzGrVELQz5L4B_-DqPflPIcpBaTfJOUTrVJT5nS_j18/edit#gid=612526229,VSAC,,,,,,
oid,2.16.840.1.113883.3.464.1003.102.12.1007,,1000000159,https://docs.google.com/spreadsheets/d/1jzGrVELQz5L4B_-DqPflPIcpBaTfJOUTrVJT5nS_j18/edit#gid=612526229,VSAC,,,,,,
oid,2.16.840.1.113883.3.464.1003.103.12.1001,,1000000160,https://docs.google.com/spreadsheets/d/1jzGrVELQz5L4B_-DqPflPIcpBaTfJOUTrVJT5nS_j18/edit#gid=612526229,VSAC,,,,,,
oid,2.16.840.1.113762.1.4.1029.321,,1000000161,https://docs.google.com/spreadsheets/d/1jzGrVELQz5L4B_-DqPflPIcpBaTfJOUTrVJT5nS_j18/edit#gid=612526229,VSAC,,,,,,
oid,2.16.840.1.113762.1.4.1029.322,,1000000162,https://docs.google.com/spreadsheets/d/1jzGrVELQz5L4B_-DqPflPIcpBaTfJOUTrVJT5nS_j18/edit#gid=612526229,VSAC,,,,,,[VSAC] Anemia
oid,2.16.840.1.113762.1.4.1029.356,,1000000163,https://docs.google.com/spreadsheets/d/1jzGrVELQz5L4B_-DqPflPIcpBaTfJOUTrVJT5nS_j18/edit#gid=612526229,VSAC,,,,,,
oid,2.16.840.1.113762.1.4.1029.309,,1000000164,https://docs.google.com/spreadsheets/d/1jzGrVELQz5L4B_-DqPflPIcpBaTfJOUTrVJT5nS_j18/edit#gid=612526229,VSAC,,,,,,
oid,2.16.840.1.113762.1.4.1029.310,,1000000165,https://docs.google.com/spreadsheets/d/1jzGrVELQz5L4B_-DqPflPIcpBaTfJOUTrVJT5nS_j18/edit#gid=612526229,VSAC,,,,,,[VSAC] Autoimmune Disease
oid,2.16.840.1.113762.1.4.1029.347,,1000000166,https://docs.google.com/spreadsheets/d/1jzGrVELQz5L4B_-DqPflPIcpBaTfJOUTrVJT5nS_j18/edit#gid=612526229,VSAC,,,,,,
oid,2.16.840.1.113762.1.4.1029.342,,1000000167,https://docs.google.com/spreadsheets/d/1jzGrVELQz5L4B_-DqPflPIcpBaTfJOUTrVJT5nS_j18/edit#gid=612526229,VSAC,,,,,,
oid,2.16.840.1.113762.1.4.1029.223,,1000000168,https://docs.google.com/spreadsheets/d/1jzGrVELQz5L4B_-DqPflPIcpBaTfJOUTrVJT5nS_j18/edit#gid=612526229,VSAC,,,,,,
oid,2.16.840.1.113762.1.4.1029.224,,1000000169,https://docs.google.com/spreadsheets/d/1jzGrVELQz5L4B_-DqPflPIcpBaTfJOUTrVJT5nS_j18/edit#gid=612526229,VSAC,,,,,,[VSAC] Disseminated Intravascular Coagulation
oid,2.16.840.1.113762.1.4.1029.214,,1000000170,https://docs.google.com/spreadsheets/d/1jzGrVELQz5L4B_-DqPflPIcpBaTfJOUTrVJT5nS_j18/edit#gid=612526229,VSAC,,,,,,
oid,2.16.840.1.113762.1.4.1029.215,,1000000171,https://docs.google.com/spreadsheets/d/1jzGrVELQz5L4B_-DqPflPIcpBaTfJOUTrVJT5nS_j18/edit#gid=612526229,VSAC,,,,,,[VSAC] Acute Respiratory Distress Syndrome
oid,2.16.840.1.113762.1.4.1029.351,,1000000172,https://docs.google.com/spreadsheets/d/1jzGrVELQz5L4B_-DqPflPIcpBaTfJOUTrVJT5nS_j18/edit#gid=612526229,VSAC,,,,,,
oid,2.16.840.1.113883.3.526.3.366,,1000000173,https://docs.google.com/spreadsheets/d/1jzGrVELQz5L4B_-DqPflPIcpBaTfJOUTrVJT5nS_j18/edit#gid=612526229,VSAC,,,,,,
oid,2.16.840.1.113883.3.526.3.412,,1000000174,https://docs.google.com/spreadsheets/d/1jzGrVELQz5L4B_-DqPflPIcpBaTfJOUTrVJT5nS_j18/edit#gid=612526229,VSAC,,,,,,
oid,2.16.840.1.113883.3.526.3.371,,1000000175,https://docs.google.com/spreadsheets/d/1jzGrVELQz5L4B_-DqPflPIcpBaTfJOUTrVJT5nS_j18/edit#gid=612526229,VSAC,,,,,,
oid,2.16.840.1.113883.3.3566.3.1002,,1000000176,https://docs.google.com/spreadsheets/d/1jzGrVELQz5L4B_-DqPflPIcpBaTfJOUTrVJT5nS_j18/edit#gid=612526229,VSAC,,,,,,
oid,2.16.840.1.113762.1.4.1178.68,,1000000177,https://docs.google.com/spreadsheets/d/1jzGrVELQz5L4B_-DqPflPIcpBaTfJOUTrVJT5nS_j18/edit#gid=612526229,VSAC,,,,,,
oid,2.16.840.1.113883.3.526.3.370,,1000000178,https://docs.google.com/spreadsheets/d/1jzGrVELQz5L4B_-DqPflPIcpBaTfJOUTrVJT5nS_j18/edit#gid=612526229,VSAC,,,,,,
oid,2.16.840.1.113762.1.4.1178.6,,1000000179,https://docs.google.com/spreadsheets/d/1jzGrVELQz5L4B_-DqPflPIcpBaTfJOUTrVJT5nS_j18/edit#gid=612526229,VSAC,,,,,,
oid,2.16.840.1.113883.3.464.1003.105.12.1203,,1000000180,https://docs.google.com/spreadsheets/d/1jzGrVELQz5L4B_-DqPflPIcpBaTfJOUTrVJT5nS_j18/edit#gid=612526229,VSAC,,,,,,
oid,2.16.840.1.113762.1.4.1029.307,,1000000181,https://docs.google.com/spreadsheets/d/1jzGrVELQz5L4B_-DqPflPIcpBaTfJOUTrVJT5nS_j18/edit#gid=612526229,VSAC,,,,881239411.0,2022-03-15T07:48:05.228Z,[VSAC] Neuromuscular Disease
oid,2.16.840.1.113762.1.4.1247.63,,1000000182,https://docs.google.com/spreadsheets/d/1jzGrVELQz5L4B_-DqPflPIcpBaTfJOUTrVJT5nS_j18/edit#gid=612526229,VSAC,,,,,,
oid,2.16.840.1.113762.1.4.1247.17,,1000000183,https://docs.google.com/spreadsheets/d/1jzGrVELQz5L4B_-DqPflPIcpBaTfJOUTrVJT5nS_j18/edit#gid=612526229,VSAC,,,,,,
oid,2.16.840.1.113762.1.4.1247.18,,1000000184,https://docs.google.com/spreadsheets/d/1jzGrVELQz5L4B_-DqPflPIcpBaTfJOUTrVJT5nS_j18/edit#gid=612526229,VSAC,,,,,,
oid,2.16.840.1.113762.1.4.1247.24,,1000000185,https://docs.google.com/spreadsheets/d/1jzGrVELQz5L4B_-DqPflPIcpBaTfJOUTrVJT5nS_j18/edit#gid=612526229,VSAC,,,,,,
oid,2.16.840.1.113762.1.4.1247.48,,1000000186,https://docs.google.com/spreadsheets/d/1jzGrVELQz5L4B_-DqPflPIcpBaTfJOUTrVJT5nS_j18/edit#gid=612526229,VSAC,,,,,,
oid,2.16.840.1.113762.1.4.1247.84,,1000000187,https://docs.google.com/spreadsheets/d/1jzGrVELQz5L4B_-DqPflPIcpBaTfJOUTrVJT5nS_j18/edit#gid=612526229,VSAC,,,,,,
oid,2.16.840.1.113762.1.4.1247.35,,1000000188,https://docs.google.com/spreadsheets/d/1jzGrVELQz5L4B_-DqPflPIcpBaTfJOUTrVJT5nS_j18/edit#gid=612526229,VSAC,,,,,,
oid,2.16.840.1.113762.1.4.1247.81,,1000000189,https://docs.google.com/spreadsheets/d/1jzGrVELQz5L4B_-DqPflPIcpBaTfJOUTrVJT5nS_j18/edit#gid=612526229,VSAC,,,,,,
oid,2.16.840.1.113762.1.4.1247.75,,1000000190,https://docs.google.com/spreadsheets/d/1jzGrVELQz5L4B_-DqPflPIcpBaTfJOUTrVJT5nS_j18/edit#gid=612526229,VSAC,,,,,,
oid,2.16.840.1.113762.1.4.1247.26,,1000000191,https://docs.google.com/spreadsheets/d/1jzGrVELQz5L4B_-DqPflPIcpBaTfJOUTrVJT5nS_j18/edit#gid=612526229,VSAC,,,,,,
oid,2.16.840.1.113762.1.4.1247.42,,1000000192,https://docs.google.com/spreadsheets/d/1jzGrVELQz5L4B_-DqPflPIcpBaTfJOUTrVJT5nS_j18/edit#gid=612526229,VSAC,,,,,,
oid,2.16.840.1.113762.1.4.1247.78,,1000000193,https://docs.google.com/spreadsheets/d/1jzGrVELQz5L4B_-DqPflPIcpBaTfJOUTrVJT5nS_j18/edit#gid=612526229,VSAC,,,,,,
oid,2.16.840.1.113762.1.4.1247.67,,1000000194,https://docs.google.com/spreadsheets/d/1jzGrVELQz5L4B_-DqPflPIcpBaTfJOUTrVJT5nS_j18/edit#gid=612526229,VSAC,,,,,,[VSAC] Elder Abuse Procedures
oid,2.16.840.1.113762.1.4.1247.32,,1000000195,https://docs.google.com/spreadsheets/d/1jzGrVELQz5L4B_-DqPflPIcpBaTfJOUTrVJT5nS_j18/edit#gid=612526229,VSAC,,,,,,[VSAC] Financial Insecurity Procedures
oid,2.16.840.1.113762.1.4.1247.7,,1000000196,https://docs.google.com/spreadsheets/d/1jzGrVELQz5L4B_-DqPflPIcpBaTfJOUTrVJT5nS_j18/edit#gid=612526229,VSAC,,,,,,[VSAC] Food Insecurity Procedures
oid,2.16.840.1.113762.1.4.1247.20,,1000000197,https://docs.google.com/spreadsheets/d/1jzGrVELQz5L4B_-DqPflPIcpBaTfJOUTrVJT5nS_j18/edit#gid=612526229,VSAC,,,,,,[VSAC] Homelessness Procedures
oid,2.16.840.1.113762.1.4.1247.44,,1000000198,https://docs.google.com/spreadsheets/d/1jzGrVELQz5L4B_-DqPflPIcpBaTfJOUTrVJT5nS_j18/edit#gid=612526229,VSAC,,,,,,[VSAC] Housing Instability Procedures
oid,2.16.840.1.113762.1.4.1247.52,,1000000199,https://docs.google.com/spreadsheets/d/1jzGrVELQz5L4B_-DqPflPIcpBaTfJOUTrVJT5nS_j18/edit#gid=612526229,VSAC,,,,,,[VSAC] Inadequate Housing Procedures
oid,2.16.840.1.113762.1.4.1247.97,,1000000200,https://docs.google.com/spreadsheets/d/1jzGrVELQz5L4B_-DqPflPIcpBaTfJOUTrVJT5nS_j18/edit#gid=612526229,VSAC,,,,,,[VSAC] Intimate Partner Violence Procedures
oid,2.16.840.1.113762.1.4.1247.56,,1000000201,https://docs.google.com/spreadsheets/d/1jzGrVELQz5L4B_-DqPflPIcpBaTfJOUTrVJT5nS_j18/edit#gid=612526229,VSAC,,,,,,[VSAC] Less than high school education Procedures
oid,2.16.840.1.113762.1.4.1247.39,,1000000202,https://docs.google.com/spreadsheets/d/1jzGrVELQz5L4B_-DqPflPIcpBaTfJOUTrVJT5nS_j18/edit#gid=612526229,VSAC,,,,,,[VSAC] Material Hardship Procedures
oid,2.16.840.1.113762.1.4.1247.94,,1000000203,https://docs.google.com/spreadsheets/d/1jzGrVELQz5L4B_-DqPflPIcpBaTfJOUTrVJT5nS_j18/edit#gid=612526229,VSAC,,,,,,[VSAC] Social Connection Procedures
oid,2.16.840.1.113762.1.4.1196.789,,1000000204,https://docs.google.com/spreadsheets/d/1jzGrVELQz5L4B_-DqPflPIcpBaTfJOUTrVJT5nS_j18/edit#gid=612526229,VSAC,,,,,,[VSAC] Social Determinants of Health Procedures
oid,2.16.840.1.113762.1.4.1247.87,,1000000205,https://docs.google.com/spreadsheets/d/1jzGrVELQz5L4B_-DqPflPIcpBaTfJOUTrVJT5nS_j18/edit#gid=612526229,VSAC,,,,,,[VSAC] Stress Procedures
oid,2.16.840.1.113762.1.4.1247.27,,1000000206,https://docs.google.com/spreadsheets/d/1jzGrVELQz5L4B_-DqPflPIcpBaTfJOUTrVJT5nS_j18/edit#gid=612526229,VSAC,,,,,,[VSAC] Transportation Insecurity Procedures
oid,2.16.840.1.113762.1.4.1247.59,,1000000207,https://docs.google.com/spreadsheets/d/1jzGrVELQz5L4B_-DqPflPIcpBaTfJOUTrVJT5nS_j18/edit#gid=612526229,VSAC,,,,,,[VSAC] Unemployment Procedures
oid,2.16.840.1.113762.1.4.1247.90,,1000000208,https://docs.google.com/spreadsheets/d/1jzGrVELQz5L4B_-DqPflPIcpBaTfJOUTrVJT5nS_j18/edit#gid=612526229,VSAC,,,,,,[VSAC] Veteran Status Procedures
oid,2.16.840.1.113762.1.4.1247.68,,1000000209,https://docs.google.com/spreadsheets/d/1jzGrVELQz5L4B_-DqPflPIcpBaTfJOUTrVJT5nS_j18/edit#gid=612526229,VSAC,,,,,,
oid,2.16.840.1.113762.1.4.1247.31,,1000000210,https://docs.google.com/spreadsheets/d/1jzGrVELQz5L4B_-DqPflPIcpBaTfJOUTrVJT5nS_j18/edit#gid=612526229,VSAC,,,,,,
oid,2.16.840.1.113762.1.4.1247.11,,1000000211,https://docs.google.com/spreadsheets/d/1jzGrVELQz5L4B_-DqPflPIcpBaTfJOUTrVJT5nS_j18/edit#gid=612526229,VSAC,,,,,,
oid,2.16.840.1.113762.1.4.1247.21,,1000000212,https://docs.google.com/spreadsheets/d/1jzGrVELQz5L4B_-DqPflPIcpBaTfJOUTrVJT5nS_j18/edit#gid=612526229,VSAC,,,,,,
oid,2.16.840.1.113762.1.4.1247.45,,1000000213,https://docs.google.com/spreadsheets/d/1jzGrVELQz5L4B_-DqPflPIcpBaTfJOUTrVJT5nS_j18/edit#gid=612526229,VSAC,,,,,,
oid,2.16.840.1.113762.1.4.1247.53,,1000000214,https://docs.google.com/spreadsheets/d/1jzGrVELQz5L4B_-DqPflPIcpBaTfJOUTrVJT5nS_j18/edit#gid=612526229,VSAC,,,,,,
oid,2.16.840.1.113762.1.4.1247.98,,1000000215,https://docs.google.com/spreadsheets/d/1jzGrVELQz5L4B_-DqPflPIcpBaTfJOUTrVJT5nS_j18/edit#gid=612526229,VSAC,,,,,,
oid,2.16.840.1.113762.1.4.1247.57,,1000000216,https://docs.google.com/spreadsheets/d/1jzGrVELQz5L4B_-DqPflPIcpBaTfJOUTrVJT5nS_j18/edit#gid=612526229,VSAC,,,,,,
oid,2.16.840.1.113762.1.4.1247.38,,1000000217,https://docs.google.com/spreadsheets/d/1jzGrVELQz5L4B_-DqPflPIcpBaTfJOUTrVJT5nS_j18/edit#gid=612526229,VSAC,,,,,,
oid,2.16.840.1.113762.1.4.1247.95,,1000000218,https://docs.google.com/spreadsheets/d/1jzGrVELQz5L4B_-DqPflPIcpBaTfJOUTrVJT5nS_j18/edit#gid=612526229,VSAC,,,,,,
oid,2.16.840.1.113762.1.4.1196.790,,1000000219,https://docs.google.com/spreadsheets/d/1jzGrVELQz5L4B_-DqPflPIcpBaTfJOUTrVJT5nS_j18/edit#gid=612526229,VSAC,,,,,,
oid,2.16.840.1.113762.1.4.1247.92,,1000000220,https://docs.google.com/spreadsheets/d/1jzGrVELQz5L4B_-DqPflPIcpBaTfJOUTrVJT5nS_j18/edit#gid=612526229,VSAC,,,,,,
oid,2.16.840.1.113762.1.4.1247.28,,1000000221,https://docs.google.com/spreadsheets/d/1jzGrVELQz5L4B_-DqPflPIcpBaTfJOUTrVJT5nS_j18/edit#gid=612526229,VSAC,,,,,,
oid,2.16.840.1.113762.1.4.1247.60,,1000000222,https://docs.google.com/spreadsheets/d/1jzGrVELQz5L4B_-DqPflPIcpBaTfJOUTrVJT5nS_j18/edit#gid=612526229,VSAC,,,,,,
oid,2.16.840.1.113762.1.4.1247.91,,1000000223,https://docs.google.com/spreadsheets/d/1jzGrVELQz5L4B_-DqPflPIcpBaTfJOUTrVJT5nS_j18/edit#gid=612526229,VSAC,,,,,,
oid,2.16.840.1.113762.1.4.1247.65,,1000000224,https://docs.google.com/spreadsheets/d/1jzGrVELQz5L4B_-DqPflPIcpBaTfJOUTrVJT5nS_j18/edit#gid=612526229,VSAC,,,,,,
oid,2.16.840.1.113762.1.4.1247.30,,1000000225,https://docs.google.com/spreadsheets/d/1jzGrVELQz5L4B_-DqPflPIcpBaTfJOUTrVJT5nS_j18/edit#gid=612526229,VSAC,,,,,,
oid,2.16.840.1.113762.1.4.1247.16,,1000000226,https://docs.google.com/spreadsheets/d/1jzGrVELQz5L4B_-DqPflPIcpBaTfJOUTrVJT5nS_j18/edit#gid=612526229,VSAC,,,,,,
oid,2.16.840.1.113762.1.4.1247.50,,1000000227,https://docs.google.com/spreadsheets/d/1jzGrVELQz5L4B_-DqPflPIcpBaTfJOUTrVJT5nS_j18/edit#gid=612526229,VSAC,,,,,,
oid,2.16.840.1.113762.1.4.1247.100,,1000000228,https://docs.google.com/spreadsheets/d/1jzGrVELQz5L4B_-DqPflPIcpBaTfJOUTrVJT5nS_j18/edit#gid=612526229,VSAC,,,,,,
oid,2.16.840.1.113762.1.4.1247.55,,1000000229,https://docs.google.com/spreadsheets/d/1jzGrVELQz5L4B_-DqPflPIcpBaTfJOUTrVJT5nS_j18/edit#gid=612526229,VSAC,,,,,,
oid,2.16.840.1.113762.1.4.1247.37,,1000000230,https://docs.google.com/spreadsheets/d/1jzGrVELQz5L4B_-DqPflPIcpBaTfJOUTrVJT5nS_j18/edit#gid=612526229,VSAC,,,,,,
oid,2.16.840.1.113762.1.4.1247.89,,1000000231,https://docs.google.com/spreadsheets/d/1jzGrVELQz5L4B_-DqPflPIcpBaTfJOUTrVJT5nS_j18/edit#gid=612526229,VSAC,,,,,,
oid,2.16.840.1.113762.1.4.1247.71,,1000000232,https://docs.google.com/spreadsheets/d/1jzGrVELQz5L4B_-DqPflPIcpBaTfJOUTrVJT5nS_j18/edit#gid=612526229,VSAC,,,,,,[VSAC] Social Determinants of Health Goals
oid,2.16.840.1.113762.1.4.1247.86,,1000000233,https://docs.google.com/spreadsheets/d/1jzGrVELQz5L4B_-DqPflPIcpBaTfJOUTrVJT5nS_j18/edit#gid=612526229,VSAC,,,,,,
oid,2.16.840.1.113762.1.4.1247.70,,1000000234,https://docs.google.com/spreadsheets/d/1jzGrVELQz5L4B_-DqPflPIcpBaTfJOUTrVJT5nS_j18/edit#gid=612526229,VSAC,,,,,,
oid,2.16.840.1.113762.1.4.1196.788,,1000000235,https://docs.google.com/spreadsheets/d/1jzGrVELQz5L4B_-DqPflPIcpBaTfJOUTrVJT5nS_j18/edit#gid=612526229,VSAC,,,,,,
oid,2.16.840.1.113762.1.4.1029.367,,1000000236,input/oids.txt,VSAC,,,,,,
cssr_code,,RSP016,1000000237,https://docs.google.com/spreadsheets/d/1cbHB9AZLpirOz4_N7SrsnDLomg1I6VgbPFp8rzGnpzc/edit#gid=510825150,HCUP,,,,,,
cssr_code,,GEN001,1000000238,https://docs.google.com/spreadsheets/d/1cbHB9AZLpirOz4_N7SrsnDLomg1I6VgbPFp8rzGnpzc/edit#gid=510825150,HCUP,,,,,,
cssr_code,,RSP016,1000000239,https://docs.google.com/spreadsheets/d/1cbHB9AZLpirOz4_N7SrsnDLomg1I6VgbPFp8rzGnpzc/edit#gid=510825150,HCUP,,,,,,
cssr_code,,DIG019,1000000240,https://docs.google.com/spreadsheets/d/1cbHB9AZLpirOz4_N7SrsnDLomg1I6VgbPFp8rzGnpzc/edit#gid=510825150,HCUP,,,,,,
cssr_code,,BLD007,1000000241,https://docs.google.com/spreadsheets/d/1cbHB9AZLpirOz4_N7SrsnDLomg1I6VgbPFp8rzGnpzc/edit#gid=510825150,HCUP,,,,,,
cssr_code,,BLD008,1000000242,https://docs.google.com/spreadsheets/d/1cbHB9AZLpirOz4_N7SrsnDLomg1I6VgbPFp8rzGnpzc/edit#gid=510825150,HCUP,,,,,,
cssr_code,,END003,1000000243,https://docs.google.com/spreadsheets/d/1cbHB9AZLpirOz4_N7SrsnDLomg1I6VgbPFp8rzGnpzc/edit#gid=510825150,HCUP,,,,,,
cssr_code,,END002,1000000244,https://docs.google.com/spreadsheets/d/1cbHB9AZLpirOz4_N7SrsnDLomg1I6VgbPFp8rzGnpzc/edit#gid=510825150,HCUP,,,,,,
cssr_code,,MBD001,1000000245,https://docs.google.com/spreadsheets/d/1cbHB9AZLpirOz4_N7SrsnDLomg1I6VgbPFp8rzGnpzc/edit#gid=510825150,HCUP,,,,,,
cssr_code,,MBD004,1000000246,https://docs.google.com/spreadsheets/d/1cbHB9AZLpirOz4_N7SrsnDLomg1I6VgbPFp8rzGnpzc/edit#gid=510825150,HCUP,,,,,,
cssr_code,,MBD002,1000000247,https://docs.google.com/spreadsheets/d/1cbHB9AZLpirOz4_N7SrsnDLomg1I6VgbPFp8rzGnpzc/edit#gid=510825150,HCUP,,,,,,
cssr_code,,MBD003,1000000248,https://docs.google.com/spreadsheets/d/1cbHB9AZLpirOz4_N7SrsnDLomg1I6VgbPFp8rzGnpzc/edit#gid=510825150,HCUP,,,,,,
cssr_code,,MBD024,1000000249,https://docs.google.com/spreadsheets/d/1cbHB9AZLpirOz4_N7SrsnDLomg1I6VgbPFp8rzGnpzc/edit#gid=510825150,HCUP,,,,,,
cssr_code,,MBD008,1000000250,https://docs.google.com/spreadsheets/d/1cbHB9AZLpirOz4_N7SrsnDLomg1I6VgbPFp8rzGnpzc/edit#gid=510825150,HCUP,,,,,,
cssr_code,,CIR009,1000000251,https://docs.google.com/spreadsheets/d/1cbHB9AZLpirOz4_N7SrsnDLomg1I6VgbPFp8rzGnpzc/edit#gid=510825150,HCUP,,,,,,
cssr_code,,CIR010,1000000252,https://docs.google.com/spreadsheets/d/1cbHB9AZLpirOz4_N7SrsnDLomg1I6VgbPFp8rzGnpzc/edit#gid=510825150,HCUP,,,,,,
cssr_code,,CIR026,1000000253,https://docs.google.com/spreadsheets/d/1cbHB9AZLpirOz4_N7SrsnDLomg1I6VgbPFp8rzGnpzc/edit#gid=510825150,HCUP,,,,,,
cssr_code,,RSP008,1000000254,https://docs.google.com/spreadsheets/d/1cbHB9AZLpirOz4_N7SrsnDLomg1I6VgbPFp8rzGnpzc/edit#gid=510825150,HCUP,,,,,,
cssr_code,,DIG005,1000000255,https://docs.google.com/spreadsheets/d/1cbHB9AZLpirOz4_N7SrsnDLomg1I6VgbPFp8rzGnpzc/edit#gid=510825150,HCUP,,,,,,
cssr_code,,DIG011,1000000256,https://docs.google.com/spreadsheets/d/1cbHB9AZLpirOz4_N7SrsnDLomg1I6VgbPFp8rzGnpzc/edit#gid=510825150,HCUP,,,,,,
cssr_code,,DIG018,1000000257,https://docs.google.com/spreadsheets/d/1cbHB9AZLpirOz4_N7SrsnDLomg1I6VgbPFp8rzGnpzc/edit#gid=510825150,HCUP,,,,,,
cssr_code,,GEN010,1000000258,https://docs.google.com/spreadsheets/d/1cbHB9AZLpirOz4_N7SrsnDLomg1I6VgbPFp8rzGnpzc/edit#gid=510825150,HCUP,,,,,,
cssr_code,,GEN006,1000000259,https://docs.google.com/spreadsheets/d/1cbHB9AZLpirOz4_N7SrsnDLomg1I6VgbPFp8rzGnpzc/edit#gid=510825150,HCUP,,,,,,
cssr_code,,GEN002,1000000260,https://docs.google.com/spreadsheets/d/1cbHB9AZLpirOz4_N7SrsnDLomg1I6VgbPFp8rzGnpzc/edit#gid=510825150,HCUP,,,,,,
oid,2.16.840.1.113883.3.666.5.1671,,1000000261,,VSAC,,,,,,[VSAC] Congenital Anomalies S
oid,2.16.840.1.113883.3.526.2.185,,1000000262,,VSAC,,,,,,[VSAC] Hypotension
oid,2.16.840.1.113883.3.526.2.25,,1000000263,,VSAC,,,,142651859.0,2022-03-15T07:26:50.329Z,[VSAC] Heart Failure
oid,2.16.840.1.113762.1.4.1247.22,,1000000264,,VSAC,,,,,,[VSAC] Housing Instability Diagnoses 
oid,2.16.840.1.113883.3.600.2387,,1000000265,,VSAC,,,,,,[VSAC] Overweight or Obese
oid,2.16.840.1.113883.17.4077.2.1057,,1000000266,,VSAC,,,,,,[VSAC] Pulmonary Embolism or DVT
oid,2.16.840.1.113762.1.4.1234.11,,1000000267,,VSAC,,,,,,"[VSAC] Bells Palsy,  codes for AE reporting"
oid,2.16.840.1.113883.3.464.1003.120.11.1005,,1000000268,,VSAC,,,,,,[VSAC] HIV 1
oid,2.16.840.1.113883.3.464.1003.103.11.1027,,1000000269,,VSAC,,,,,,[VSAC] Type 1 Diabetes
oid,2.16.840.1.113883.17.4077.2.1027,,1000000270,,VSAC,,,,,,[VSAC] Brain Tumor
oid,2.16.840.1.113762.1.4.1247.93,,1000000271,,VSAC,,,,,,[VSAC] Social Connection Interventions 
oid,2.16.840.1.113762.1.4.1029.33,,1000000272,,VSAC,,,,,,[VSAC] Sickle Cell Disease
oid,2.16.840.1.113762.1.4.1029.238,,1000000273,,VSAC,,,,315873915.0,2022-03-16T04:42:40.586Z,[VSAC] Sepsis
oid,2.16.840.1.113883.3.117.1.7.1.246,,1000000274,,VSAC,,,,,,[VSAC] Atrial Fibrillation/Flutter
oid,2.16.840.1.113883.17.4077.2.1043,,1000000275,,VSAC,,,,,,[VSAC] Headache
oid,2.16.840.1.113762.1.4.1247.82,,1000000276,,VSAC,,,,,,[VSAC] Intimate Partner Violence Diagnoses 
oid,2.16.840.1.113762.1.4.1222.772,,1000000277,,VSAC,,,,,,[VSAC] Thalassemia
oid,2.16.840.1.113762.1.4.1247.29,,1000000278,,VSAC,,,,,,[VSAC] Financial Insecurity Goals 
oid,2.16.840.1.113762.1.4.1247.51,,1000000279,,VSAC,,,,,,[VSAC] Inadequate Housing Interventions 
oid,2.16.840.1.113762.1.4.1247.62,,1000000280,,VSAC,,,,,,[VSAC] Elder Abuse Diagnoses 
oid,2.16.840.1.113883.3.7587.2.1016,,1000000281,,VSAC,,,,,,[VSAC] Brain Injury
oid,2.16.840.1.113762.1.4.1247.19,,1000000282,,VSAC,,,,,,[VSAC] Homelessness Intervention 
oid,2.16.840.1.113762.1.4.1247.66,,1000000283,,VSAC,,,,,,[VSAC] Elder Abuse Interventions 
oid,2.16.840.1.113762.1.4.1247.25,,1000000284,,VSAC,,,,,,[VSAC] Transportation Insecurity Diagnoses 
oid,2.16.840.1.113762.1.4.1029.210,,1000000285,,VSAC,,,,,,[VSAC] Active Bleeding
oid,2.16.840.1.113762.1.4.1178.5,,1000000286,,VSAC,,,,,,[VSAC] Hypothyroidism
oid,2.16.840.1.113762.1.4.1029.313,,1000000287,,VSAC,,,,,,[VSAC] Mental Health Disorder
oid,2.16.840.1.113883.3.464.1003.103.11.1003,,1000000288,,VSAC,,,,,,[VSAC] Diabetes
oid,2.16.840.1.113762.1.4.1032.220,,1000000289,,VSAC,,,,,,[VSAC] Hematopoietic stem cell transplant
oid,2.16.840.1.113883.3.464.1003.102.11.1004,,1000000290,,VSAC,,,,,,[VSAC] Cystic Fibrosis
oid,2.16.840.1.113762.1.4.1029.280,,1000000291,,VSAC,,,,,,[VSAC] Pulmonary Hypertension
oid,2.16.840.1.113762.1.4.1247.88,,1000000292,,VSAC,,,,,,[VSAC] Social Connection Goals 
oid,2.16.840.1.113883.3.526.2.1068,,1000000293,,VSAC,,,,,,[VSAC] Dementia & Mental Degenerations
oid,2.16.840.1.113762.1.4.1178.67,,1000000294,,VSAC,,,,,,[VSAC] Diastolic Heart Failure
oid,2.16.840.1.113883.3.526.2.532,,1000000295,,VSAC,,,,,,[VSAC] Pregnancy
oid,2.16.840.1.113762.1.4.1110.57,,1000000296,,VSAC,,,,,,[VSAC] Ischemic Stroke_Thrombosis
oid,2.16.840.1.113762.1.4.1247.14,,1000000297,,VSAC,,,,,,[VSAC] Homelessness Diagnoses 
oid,2.16.840.1.113883.3.464.1003.103.11.1030,,1000000298,,VSAC,,,,,,[VSAC] Type II Diabetes
oid,2.16.840.1.113883.3.464.1003.109.11.1024,,1000000299,,VSAC,,,,,,[VSAC] Kidney Transplant
oid,2.16.840.1.113883.3.666.5.2342,,1000000300,,VSAC,,,,,,[VSAC] Immunodeficient Conditions 
oid,2.16.840.1.113883.3.117.1.7.1.252,,1000000301,,VSAC,,,,,,[VSAC] Ischemic Stroke_Embolism
oid,2.16.840.1.113883.3.526.2.168,,1000000302,,VSAC,,,,,,[VSAC] Cardiac Surgery
oid,2.16.840.1.113762.1.4.1034.100,,1000000303,,VSAC,,,,,,[VSAC] Multiple Sclerosis 
oid,2.16.840.1.113762.1.4.1247.73,,1000000304,,VSAC,,,,,,[VSAC] Stress Interventions 
oid,2.16.840.1.113762.1.4.1029.316,,1000000305,,VSAC,,,,,,[VSAC] Bariatric Surgery
oid,2.16.840.1.113762.1.4.1247.58,,1000000306,,VSAC,,,,,,[VSAC] Unemployment Interventions 
oid,2.16.840.1.113762.1.4.1222.157,,1000000307,,VSAC,,,,,,[VSAC] Chronic Kidney Disease All Stages (1 through 5) 
oid,2.16.840.1.113762.1.4.1029.340,,1000000308,,VSAC,,,,,,[VSAC] Cardiac Disease
oid,2.16.840.1.113762.1.4.1247.72,,1000000309,,VSAC,,,,,,[VSAC] Stress Diagnoses 
oid,2.16.840.1.113762.1.4.1222.41,,1000000310,,VSAC,,,,,,[VSAC] Tuberculosis (Disorders) 
oid,2.16.840.1.113883.3.464.1003.199.11.1065,,1000000311,,VSAC,,,,,,[VSAC] Chronic Liver Disease
oid,2.16.840.1.113762.1.4.1247.5,,1000000312,,VSAC,,,,,,[VSAC] Social Determinants of Health General Interventions 
oid,2.16.840.1.113883.3.526.2.186,,1000000313,,VSAC,,,,,,[VSAC] Arrhythmia
oid,2.16.840.1.113762.1.4.1029.246,,1000000314,,VSAC,,,,,,[VSAC] Blood Transfusion 246
oid,2.16.840.1.113883.3.666.5.2137,,1000000315,,VSAC,,,,,,[VSAC] Interstitial lung disease 
oid,2.16.840.1.113883.3.526.2.58,,1000000316,,VSAC,,,,,,[VSAC] Myocardial Infarction
oid,2.16.840.1.113762.1.4.1034.2,,1000000317,,VSAC,,,,,,[VSAC] epilepsy (active) 
oid,2.16.840.1.113883.3.526.2.408,,1000000318,,VSAC,,,,,,[VSAC] Bradycardia
oid,2.16.840.1.113883.3.666.5.482,,1000000319,,VSAC,,,,,,[VSAC] Guillain Barre Syndrome 
oid,2.16.840.1.113762.1.4.1029.331,,1000000320,,VSAC,,,,,,[VSAC] Hypertension
oid,2.16.840.1.113883.3.666.5.3024,,1000000321,,VSAC,,,,,,[VSAC] Acute Myocardial Infarction (AMI)
oid,2.16.840.1.113762.1.4.1247.41,,1000000322,,VSAC,,,,,,[VSAC] Unemployment Diagnoses 
oid,2.16.840.1.113883.3.464.1003.102.11.1019,,1000000323,,VSAC,,,,,,[VSAC] Chronic Obstructive Pulmonary Disease
oid,2.16.840.1.113762.1.4.1247.46,,1000000324,,VSAC,,,,,,[VSAC] Inadequate Housing Diagnoses 
oid,2.16.840.1.113883.3.464.1003.102.11.1066,,1000000325,,VSAC,,,,,,[VSAC] Comorbid Conditions for Respiratory Conditions
oid,2.16.840.1.113762.1.4.1029.132,,1000000326,,VSAC,,,,,,[VSAC] Congenital Malformations
oid,2.16.840.1.113762.1.4.1247.36,,1000000327,,VSAC,,,,,,[VSAC] Material Hardship Goals 
oid,2.16.840.1.113883.3.464.1003.106.11.1001,,1000000328,,VSAC,,,,,,[VSAC] Substance Use Disorder
oid,2.16.840.1.113762.1.4.1222.37,,1000000329,,VSAC,,,,,,[VSAC] Obesity 
oid,2.16.840.1.113762.1.4.1247.76,,1000000330,,VSAC,,,,,,[VSAC] Veteran Status Diagnoses 
oid,2.16.840.1.113883.3.464.1003.105.11.1207,,1000000331,,VSAC,,,,,,[VSAC] Mental Behavioral and Neurodevelopmental Disorders
oid,2.16.840.1.113762.1.4.1196.459,,1000000332,,VSAC,,,,,,[VSAC] Asthma 
oid,2.16.840.1.113762.1.4.1247.43,,1000000333,,VSAC,,,,,,[VSAC] Housing Instability Intervention 
oid,2.16.840.1.113883.3.464.1003.1042,,1000000334,,VSAC,,,,,,[VSAC] Major Transplant
oid,2.16.840.1.113762.1.4.1247.99,,1000000335,,VSAC,,,,,,[VSAC] Intimate Partner Violence Goals 
oid,2.16.840.1.113762.1.4.1247.4,,1000000336,,VSAC,,,,,,[VSAC] Food Insecurity Goals 
oid,2.16.840.1.113762.1.4.1222.1126,,1000000337,,VSAC,,,,,,[VSAC] Smoking or Cigarette Use
oid,2.16.840.1.113883.3.526.2.1079,,1000000338,,VSAC,,,,,,[VSAC] Cancer
oid,2.16.840.1.113762.1.4.1247.34,,1000000339,,VSAC,,,,,,[VSAC] Material Hardship Diagnoses 
oid,2.16.840.1.113762.1.4.1247.96,,1000000340,,VSAC,,,,,,[VSAC] Intimate Partner Violence Interventions 
oid,2.16.840.1.113762.1.4.1247.1,,1000000341,,VSAC,,,,,,[VSAC] Food Insecurity Diagnoses 
oid,2.16.840.1.113762.1.4.1247.54,,1000000342,,VSAC,,,,,,[VSAC] Less than high school education Goals 
oid,2.16.840.1.113762.1.4.1110.60,,1000000343,,VSAC,,,,,,[VSAC] Ischemic Stroke_Other
oid,2.16.840.1.113762.1.4.1247.49,,1000000344,,VSAC,,,,,,[VSAC] Inadequate Housing Goals 
oid,2.16.840.1.113883.3.526.2.120,,1000000345,,VSAC,,,,866452655.0,2022-03-15T07:26:50.329Z,[VSAC] Coronary Artery Disease No MI
oid,2.16.840.1.113762.1.4.1247.69,,1000000346,,VSAC,,,,,,[VSAC] Unemployment Goals 
oid,2.16.840.1.113762.1.4.1247.79,,1000000347,,VSAC,,,,,,[VSAC] Social Connection Diagnoses 
oid,2.16.840.1.113883.3.666.5.2131,,1000000348,,VSAC,,,,,,[VSAC] Bronchiectasis 
oid,2.16.840.1.113762.1.4.1029.285,,1000000349,,VSAC,,,,,,[VSAC] Bleeding Disorder
oid,2.16.840.1.113762.1.4.1247.64,,1000000350,,VSAC,,,,,,[VSAC] Elder Abuse Goals 
oid,2.16.840.1.113762.1.4.1247.85,,1000000351,,VSAC,,,,,,[VSAC] Stress Goals 
oid,2.16.840.1.113762.1.4.1247.6,,1000000352,,VSAC,,,,,,[VSAC] Food Insecurity Interventions 
oid,2.16.840.1.113883.3.3566.2.1006,,1000000353,,VSAC,,,,,,[VSAC] Chronic Stable Angina
oid,2.16.840.1.113762.1.4.1034.441,,1000000354,https://docs.google.com/spreadsheets/d/1jzGrVELQz5L4B_-DqPflPIcpBaTfJOUTrVJT5nS_j18,VSAC,,,1000000354.0,221979484.0,2022-03-18T19:52:54.890Z,[VSAC] Alzheimer's Disease (ICD10CM)
oid,2.16.840.1.113762.1.4.1034.390,,1000000355,https://docs.google.com/spreadsheets/d/1jzGrVELQz5L4B_-DqPflPIcpBaTfJOUTrVJT5nS_j18,VSAC,,,1000000355.0,33647039.0,2022-03-18T19:53:05.385Z,[VSAC] Amyotrophic Lateral Sclerosis (ALS) and Related Motor Neuron Disease (ICD10CM)
oid,2.16.840.1.113883.3.3616.200.110.102.3085,,1000000356,,VSAC,,,,,,
oid,2.16.840.1.113883.3.464.1003.113.11.1081,,1000000357,,VSAC,,,,,,
oid,2.16.840.1.113883.3.7643.2.1048,,1000000358,,VSAC,,,,,,
