codeset_id,concept_set_name,concept_set_version_title,project,source_application,source_application_version,created_at,atlas_json,is_most_recent_version,version,comments,intention,limitations,issues,update_message,status,has_review,reviewed_by,created_by,provenance,atlas_json_resource_url,parent_version_id,is_draft
1000000161,[VSAC] Anemia 321,[VSAC] Anemia 321 (v1),RP-4A9E,EXTERNAL VSAC,,2022-02-23T17:59:44.517Z,,True,1,Exported from VSAC and bulk imported to N3C.,Clinical Focus: The purpose of this value set is to identify diagnoses of anemia.; Data Element Scope: This value set may use a model element related to diagnosis.; Inclusion Criteria: Includes concepts that identify a diagnosis of an anemia.,Exclusion Criteria: No exclusions.,,Initial version.,Under Construction,,,a39723f3-dc9c-48ce-90ff-06891c29114f,Steward: The Joint Commission; OID: 2.16.840.1.113762.1.4.1029.321; Code System(s): ICD10CM; Definition Type: Extensional; Definition Version: Latest; Accessed: 2022-02-23 12:59:44,,,True
1000000162,[VSAC] Anemia 322,[VSAC] Anemia 322 (v1),RP-4A9E,EXTERNAL VSAC,,2022-02-23T17:59:44.517Z,,True,1,Exported from VSAC and bulk imported to N3C.,Clinical Focus: The purpose of this value set is to identify diagnoses of anemia.; Data Element Scope: This value set may use a model element related to diagnosis.; Inclusion Criteria: Includes concepts that identify a diagnosis of an anemia.,Exclusion Criteria: No exclusions.,,Initial version.,Under Construction,,,a39723f3-dc9c-48ce-90ff-06891c29114f,Steward: The Joint Commission; OID: 2.16.840.1.113762.1.4.1029.322; Code System(s): SNOMEDCT; Definition Type: Extensional; Definition Version: Latest; Accessed: 2022-02-23 12:59:44,,,True
1000000007,[VSAC] Anemia 323,[VSAC] Anemia 323 (v1),RP-4A9E,EXTERNAL VSAC,,2022-02-23T17:59:44.517Z,,True,1,Exported from VSAC and bulk imported to N3C.,Clinical Focus: The purpose of this value set is to group diagnoses of anemia.; Data Element Scope: This value set may use a model element related to diagnosis.; Inclusion Criteria: Includes concepts that identify a diagnosis of an anemia.,Exclusion Criteria: No exclusions.,,Initial version.,Under Construction,,,a39723f3-dc9c-48ce-90ff-06891c29114f,Steward: The Joint Commission; OID: 2.16.840.1.113762.1.4.1029.323; Code System(s): ICD10CM; Definition Type: Grouping; Definition Version: Latest; Accessed: 2022-02-23 12:59:44,,,True
1000000164,[VSAC] Autoimmune Disease 309,[VSAC] Autoimmune Disease 309 (v1),RP-4A9E,EXTERNAL VSAC,,2022-02-23T17:59:44.517Z,,True,1,Exported from VSAC and bulk imported to N3C.,Clinical Focus: The purpose of this value set is to identify diagnoses of autoimmune disease.; Data Element Scope: This value set may use a model element related to diagnosis.; Inclusion Criteria: Includes concepts that identify a diagnosis of an autoimmune disease.,Exclusion Criteria: No exclusions.,,Initial version.,Under Construction,,,a39723f3-dc9c-48ce-90ff-06891c29114f,Steward: The Joint Commission; OID: 2.16.840.1.113762.1.4.1029.309; Code System(s): ICD10CM; Definition Type: Extensional; Definition Version: Latest; Accessed: 2022-02-23 12:59:44,,,True
1000000165,[VSAC] Autoimmune Disease 310,[VSAC] Autoimmune Disease 310 (v1),RP-4A9E,EXTERNAL VSAC,,2022-02-23T17:59:44.517Z,,True,1,Exported from VSAC and bulk imported to N3C.,Clinical Focus: The purpose of this value set is to identify diagnoses of autoimmune disease.; Data Element Scope: This value set may use a model element related to diagnosis.; Inclusion Criteria: Includes concepts that identify a diagnosis of an autoimmune disease.,Exclusion Criteria: No exclusions.,,Initial version.,Under Construction,,,a39723f3-dc9c-48ce-90ff-06891c29114f,Steward: The Joint Commission; OID: 2.16.840.1.113762.1.4.1029.310; Code System(s): SNOMEDCT; Definition Type: Extensional; Definition Version: Latest; Accessed: 2022-02-23 12:59:44,,,True
1000000168,[VSAC] Disseminated Intravascular Coagulation 223,[VSAC] Disseminated Intravascular Coagulation 223 (v1),RP-4A9E,EXTERNAL VSAC,,2022-02-23T17:59:44.517Z,,True,1,Exported from VSAC and bulk imported to N3C.,Clinical Focus: The purpose of this value set is to identify diagnoses of disseminated intravascular coagulation (DIC).; Data Element Scope: This value set may use a model element related to diagnosis.; Inclusion Criteria: Includes concepts that identify a diagnosis of disseminated intravascular coagulation (DIC).,Exclusion Criteria: No exclusions.,,Initial version.,Under Construction,,,a39723f3-dc9c-48ce-90ff-06891c29114f,Steward: The Joint Commission; OID: 2.16.840.1.113762.1.4.1029.223; Code System(s): ICD10CM; Definition Type: Extensional; Definition Version: Latest; Accessed: 2022-02-23 12:59:44,,,True
1000000169,[VSAC] Disseminated Intravascular Coagulation 224,[VSAC] Disseminated Intravascular Coagulation 224 (v1),RP-4A9E,EXTERNAL VSAC,,2022-02-23T17:59:44.518Z,,True,1,Exported from VSAC and bulk imported to N3C.,Clinical Focus: The purpose of this value set is to identify diagnoses of disseminated intravascular coagulation (DIC).; Data Element Scope: This value set may use a model element related to diagnosis.; Inclusion Criteria: Includes concepts that identify a diagnosis of disseminated intravascular coagulation (DIC).,Exclusion Criteria: No exclusions.,,Initial version.,Under Construction,,,a39723f3-dc9c-48ce-90ff-06891c29114f,Steward: The Joint Commission; OID: 2.16.840.1.113762.1.4.1029.224; Code System(s): SNOMEDCT; Definition Type: Extensional; Definition Version: Latest; Accessed: 2022-02-23 12:59:44,,,True
1000000170,[VSAC] Acute Respiratory Distress Syndrome 214,[VSAC] Acute Respiratory Distress Syndrome 214 (v1),RP-4A9E,EXTERNAL VSAC,,2022-02-23T17:59:44.518Z,,True,1,Exported from VSAC and bulk imported to N3C.,Clinical Focus: The purpose of this value set is to identify diagnoses of acute respiratory distress syndrome.; Data Element Scope: This value set may use a model element related to diagnosis.; Inclusion Criteria: Includes concepts that identify a diagnosis of an acute respiratory distress syndrome.,Exclusion Criteria: Excludes concepts that identify chronic conditions.,,Initial version.,Under Construction,,,a39723f3-dc9c-48ce-90ff-06891c29114f,Steward: The Joint Commission; OID: 2.16.840.1.113762.1.4.1029.214; Code System(s): ICD10CM; Definition Type: Extensional; Definition Version: Latest; Accessed: 2022-02-23 12:59:44,,,True
1000000171,[VSAC] Acute Respiratory Distress Syndrome 215,[VSAC] Acute Respiratory Distress Syndrome 215 (v1),RP-4A9E,EXTERNAL VSAC,,2022-02-23T17:59:44.518Z,,True,1,Exported from VSAC and bulk imported to N3C.,Clinical Focus: The purpose of this value set is to identify diagnoses of acute respiratory distress syndrome.; Data Element Scope: This value set may use a model element related to diagnosis.; Inclusion Criteria: Includes concepts that identify a diagnosis of an acute respiratory distress syndrome.,Exclusion Criteria: Excludes concepts that identify chronic conditions.,,Initial version.,Under Construction,,,a39723f3-dc9c-48ce-90ff-06891c29114f,Steward: The Joint Commission; OID: 2.16.840.1.113762.1.4.1029.215; Code System(s): SNOMEDCT; Definition Type: Extensional; Definition Version: Latest; Accessed: 2022-02-23 12:59:44,,,True
1000000236,[VSAC] Acute Respiratory Distress Syndrome 367,[VSAC] Acute Respiratory Distress Syndrome 367 (v1),RP-4A9E,EXTERNAL VSAC,,2022-02-23T17:59:44.518Z,,True,1,Exported from VSAC and bulk imported to N3C.,Clinical Focus: ; Data Element Scope: ; Inclusion Criteria: ,Exclusion Criteria: ,,Initial version.,Under Construction,,,a39723f3-dc9c-48ce-90ff-06891c29114f,"Steward: The Joint Commission; OID: 2.16.840.1.113762.1.4.1029.367; Code System(s): SNOMEDCT,ICD10CM; Definition Type: Grouping; Definition Version: Latest; Accessed: 2022-02-23 12:59:44",,,True
1000000157,[VSAC] Acute Myocardial Infarction (AMI),[VSAC] Acute Myocardial Infarction (AMI) (v1),RP-4A9E,EXTERNAL VSAC,,2022-02-23T17:59:44.518Z,,True,1,Exported from VSAC and bulk imported to N3C.,"Clinical Focus: This grouping value set contains diagnoses used to identify patients with acute myocardial infarction.; Data Element Scope: The intent of this data element is to identify patients with a diagnosis of acute myocardial infarction. Using the Quality Data Model, this particular element would map to the Principal Diagnosis attribute for the Encounter category.; Inclusion Criteria: Include codes that identify patients with acute myocardial infarction. This is a grouping of ICD10CM and SNOMEDCT codes.",Exclusion Criteria: None.,,Initial version.,Under Construction,,,a39723f3-dc9c-48ce-90ff-06891c29114f,"Steward: The Joint Commission; OID: 2.16.840.1.113883.3.666.5.3011; Code System(s): SNOMEDCT,ICD9CM,ICD10CM; Definition Type: Grouping; Definition Version: Latest; Accessed: 2022-02-23 12:59:44",,,True
1000000158,[VSAC] Myocardial Infarction,[VSAC] Myocardial Infarction (v1),RP-4A9E,EXTERNAL VSAC,,2022-02-23T17:59:44.518Z,,True,1,Exported from VSAC and bulk imported to N3C.,Clinical Focus: The purpose of this value set is to represent concepts for diagnoses of myocardial infarction.; Data Element Scope: This value set may use a model element related to Diagnosis.; Inclusion Criteria: Includes concepts that represent a diagnosis of myocardial infarction.,Exclusion Criteria: No exclusions.,,Initial version.,Under Construction,,,a39723f3-dc9c-48ce-90ff-06891c29114f,"Steward: American Heart Association, Inc.; OID: 2.16.840.1.113883.3.526.3.403; Code System(s): SNOMEDCT,ICD9CM,ICD10CM; Definition Type: Grouping; Definition Version: Latest; Accessed: 2022-02-23 12:59:44",,,True
1000000159,[VSAC] Chronic Obstructive Pulmonary Disease,[VSAC] Chronic Obstructive Pulmonary Disease (v1),RP-4A9E,EXTERNAL VSAC,,2022-02-23T17:59:44.518Z,,True,1,Exported from VSAC and bulk imported to N3C.,"Clinical Focus: This value set identifies patients with a diagnosis of chronic obstructive pulmonary disorder (COPD).; Data Element Scope: This value set was intended to map to the QDM data type of diagnosis, but has the potential to be used in additional ways.; Inclusion Criteria: This value set includes acute COPD exacerbations, and end stage COPD. It also includes mild through severe COPD classifications.","Exclusion Criteria: This value set excludes concurrent infections. It also excludes diagnoses of bronchitis, bronchiolitis, and emphysema.",,Initial version.,Under Construction,,,a39723f3-dc9c-48ce-90ff-06891c29114f,"Steward: National Committee for Quality Assurance; OID: 2.16.840.1.113883.3.464.1003.102.12.1007; Code System(s): SNOMEDCT,ICD9CM,ICD10CM; Definition Type: Grouping; Definition Version: Latest; Accessed: 2022-02-23 12:59:44",,,True
1000000160,[VSAC] Diabetes,[VSAC] Diabetes (v1),RP-4A9E,EXTERNAL VSAC,,2022-02-23T17:59:44.518Z,,True,1,Exported from VSAC and bulk imported to N3C.,Clinical Focus: The purpose of this value set is to represent concepts for a diagnosis of  diabetes.; Data Element Scope: This value set may use a model element related to Diagnosis.; Inclusion Criteria: Includes concepts that represent a diagnosis of type I or type II diabetes.,Exclusion Criteria: Excludes concepts that represent a diagnosis of gestational diabetes or steroid-induced diabetes.,,Initial version.,Under Construction,,,a39723f3-dc9c-48ce-90ff-06891c29114f,"Steward: National Committee for Quality Assurance; OID: 2.16.840.1.113883.3.464.1003.103.12.1001; Code System(s): SNOMEDCT,ICD9CM,ICD10CM; Definition Type: Grouping; Definition Version: Latest; Accessed: 2022-02-23 12:59:44",,,True
1000000163,[VSAC] Air and Thrombotic Embolism,[VSAC] Air and Thrombotic Embolism (v1),RP-4A9E,EXTERNAL VSAC,,2022-02-23T17:59:44.519Z,,True,1,Exported from VSAC and bulk imported to N3C.,Clinical Focus: ; Data Element Scope: ; Inclusion Criteria: ,Exclusion Criteria: ,,Initial version.,Under Construction,,,a39723f3-dc9c-48ce-90ff-06891c29114f,"Steward: The Joint Commission; OID: 2.16.840.1.113762.1.4.1029.356; Code System(s): SNOMEDCT,ICD10CM; Definition Type: Grouping; Definition Version: Latest; Accessed: 2022-02-23 12:59:44",,,True
1000000166,[VSAC] Eclampsia,[VSAC] Eclampsia (v1),RP-4A9E,EXTERNAL VSAC,,2022-02-23T17:59:44.519Z,,True,1,Exported from VSAC and bulk imported to N3C.,Clinical Focus: ; Data Element Scope: ; Inclusion Criteria: ,Exclusion Criteria: ,,Initial version.,Under Construction,,,a39723f3-dc9c-48ce-90ff-06891c29114f,"Steward: The Joint Commission; OID: 2.16.840.1.113762.1.4.1029.347; Code System(s): SNOMEDCT,ICD10CM; Definition Type: Grouping; Definition Version: Latest; Accessed: 2022-02-23 12:59:44",,,True
1000000167,[VSAC] Acute Renal Failure,[VSAC] Acute Renal Failure (v1),RP-4A9E,EXTERNAL VSAC,,2022-02-23T17:59:44.519Z,,True,1,Exported from VSAC and bulk imported to N3C.,Clinical Focus: ; Data Element Scope: ; Inclusion Criteria: ,Exclusion Criteria: ,,Initial version.,Under Construction,,,a39723f3-dc9c-48ce-90ff-06891c29114f,"Steward: The Joint Commission; OID: 2.16.840.1.113762.1.4.1029.342; Code System(s): SNOMEDCT,ICD10CM; Definition Type: Grouping; Definition Version: Latest; Accessed: 2022-02-23 12:59:44",,,True
1000000172,[VSAC] Acute Heart Failure,[VSAC] Acute Heart Failure (v1),RP-4A9E,EXTERNAL VSAC,,2022-02-23T17:59:44.519Z,,True,1,Exported from VSAC and bulk imported to N3C.,Clinical Focus: ; Data Element Scope: ; Inclusion Criteria: ,Exclusion Criteria: ,,Initial version.,Under Construction,,,a39723f3-dc9c-48ce-90ff-06891c29114f,"Steward: The Joint Commission; OID: 2.16.840.1.113762.1.4.1029.351; Code System(s): SNOMEDCT,ICD10CM; Definition Type: Grouping; Definition Version: Latest; Accessed: 2022-02-23 12:59:44",,,True
1000000173,[VSAC] Arrhythmia,[VSAC] Arrhythmia (v1),RP-4A9E,EXTERNAL VSAC,,2022-02-23T17:59:44.519Z,,True,1,Exported from VSAC and bulk imported to N3C.,Clinical Focus: The purpose of this value set is to represent concepts of a diagnosis of arrhythmia.; Data Element Scope: This value set may use a model element related to Diagnosis.; Inclusion Criteria: Includes concepts that represent a diagnosis of arrhythmia.,Exclusion Criteria: No exclusions.,,Initial version.,Under Construction,,,a39723f3-dc9c-48ce-90ff-06891c29114f,"Steward: American Heart Association, Inc.; OID: 2.16.840.1.113883.3.526.3.366; Code System(s): SNOMEDCT,ICD10CM; Definition Type: Grouping; Definition Version: Latest; Accessed: 2022-02-23 12:59:44",,,True
1000000174,[VSAC] Bradycardia,[VSAC] Bradycardia (v1),RP-4A9E,EXTERNAL VSAC,,2022-02-23T17:59:44.519Z,,True,1,Exported from VSAC and bulk imported to N3C.,Clinical Focus: The purpose of this value set is to represent concepts for diagnoses of bradycardia.; Data Element Scope: This value set may use a model element related to Diagnosis.; Inclusion Criteria: Includes concepts that represent a diagnosis of bradycardia.,Exclusion Criteria: No exclusions.,,Initial version.,Under Construction,,,a39723f3-dc9c-48ce-90ff-06891c29114f,"Steward: American Heart Association, Inc.; OID: 2.16.840.1.113883.3.526.3.412; Code System(s): SNOMEDCT,ICD10CM; Definition Type: Grouping; Definition Version: Latest; Accessed: 2022-02-23 12:59:44",,,True
1000000175,[VSAC] Cardiac Surgery,[VSAC] Cardiac Surgery (v1),RP-4A9E,EXTERNAL VSAC,,2022-02-23T17:59:44.519Z,,True,1,Exported from VSAC and bulk imported to N3C.,Clinical Focus: The purpose of this value set is to represent concepts of procedures for cardiac surgery.; Data Element Scope: This value set may use a model element related to Procedure.; Inclusion Criteria: Includes concepts that represent a procedure for cardiac surgery.,Exclusion Criteria: No exclusions.,,Initial version.,Under Construction,,,a39723f3-dc9c-48ce-90ff-06891c29114f,"Steward: American Heart Association, Inc.; OID: 2.16.840.1.113883.3.526.3.371; Code System(s): SNOMEDCT,CPT; Definition Type: Grouping; Definition Version: Latest; Accessed: 2022-02-23 12:59:44",,,True
1000000176,[VSAC] Chronic Stable Angina,[VSAC] Chronic Stable Angina (v1),RP-4A9E,EXTERNAL VSAC,,2022-02-23T17:59:44.519Z,,True,1,Exported from VSAC and bulk imported to N3C.,Clinical Focus: This value set contains concepts that represent a diagnosis of chronic stable angina.; Data Element Scope: This value set may use Quality Data Model (QDM) category related to Diagnosis.; Inclusion Criteria: Includes only relevant concepts associated with a diagnosis of chronic stable angina.,Exclusion Criteria: Excludes concepts related to unstable angina.,,Initial version.,Under Construction,,,a39723f3-dc9c-48ce-90ff-06891c29114f,"Steward: American Heart Association, Inc.; OID: 2.16.840.1.113883.3.3566.3.1002; Code System(s): SNOMEDCT,ICD10CM; Definition Type: Grouping; Definition Version: Latest; Accessed: 2022-02-23 12:59:44",,,True
1000000177,[VSAC] Diastolic Heart Failure,[VSAC] Diastolic Heart Failure (v1),RP-4A9E,EXTERNAL VSAC,,2022-02-23T17:59:44.519Z,,True,1,Exported from VSAC and bulk imported to N3C.,Clinical Focus: The purpose of this value set is to represent concepts for diagnoses of diastolic heart failure.; Data Element Scope: This value set may use a model element related to Diagnosis.; Inclusion Criteria: Includes concepts that represent a diagnosis of diastolic heart failure.,Exclusion Criteria: No Exclusions.,,Initial version.,Under Construction,,,a39723f3-dc9c-48ce-90ff-06891c29114f,"Steward: American Heart Association, Inc.; OID: 2.16.840.1.113762.1.4.1178.68; Code System(s): SNOMEDCT,ICD10CM; Definition Type: Grouping; Definition Version: Latest; Accessed: 2022-02-23 12:59:44",,,True
1000000178,[VSAC] Hypotension,[VSAC] Hypotension (v1),RP-4A9E,EXTERNAL VSAC,,2022-02-23T17:59:44.520Z,,True,1,Exported from VSAC and bulk imported to N3C.,Clinical Focus: The purpose of this value set is to represent concepts for diagnoses of hypotension.; Data Element Scope: This value set may use a model element related to Diagnosis.; Inclusion Criteria: Includes concepts that represent a diagnosis of hypotension.,Exclusion Criteria: No exclusions.,,Initial version.,Under Construction,,,a39723f3-dc9c-48ce-90ff-06891c29114f,"Steward: American Heart Association, Inc.; OID: 2.16.840.1.113883.3.526.3.370; Code System(s): SNOMEDCT,ICD10CM; Definition Type: Grouping; Definition Version: Latest; Accessed: 2022-02-23 12:59:44",,,True
1000000179,[VSAC] Hypothyroidism,[VSAC] Hypothyroidism (v1),RP-4A9E,EXTERNAL VSAC,,2022-02-23T17:59:44.520Z,,True,1,Exported from VSAC and bulk imported to N3C.,Clinical Focus: This value set contains concepts related to the diagnosis of hypothyroidism.; Data Element Scope: This value set may use Quality Data Model (QDM) category related to Diagnosis.; Inclusion Criteria: Includes only relevant concepts related to the diagnosis of hypothyroidism.,Exclusion Criteria: No exclusions.,,Initial version.,Under Construction,,,a39723f3-dc9c-48ce-90ff-06891c29114f,"Steward: American Heart Association, Inc.; OID: 2.16.840.1.113762.1.4.1178.6; Code System(s): SNOMEDCT,ICD10CM; Definition Type: Grouping; Definition Version: Latest; Accessed: 2022-02-23 12:59:44",,,True
1000000180,[VSAC] Mental Behavioral and Neurodevelopmental Disorders,[VSAC] Mental Behavioral and Neurodevelopmental Disorders (v1),RP-4A9E,EXTERNAL VSAC,,2022-02-23T17:59:44.521Z,,True,1,Exported from VSAC and bulk imported to N3C.,"Clinical Focus: The purpose of this value set is to represent concepts for a diagnosis of a mental, behavioral or neurodevelopmental disorder.; Data Element Scope: This value set may use a model element related to Diagnosis.; Inclusion Criteria: Includes concepts that represent a diagnosis of mental health or substance abuse.","Exclusion Criteria: Excludes concepts that represent a diagnosis of mental, behavioral or neurodevelopmental disorder in remission.",,Initial version.,Under Construction,,,a39723f3-dc9c-48ce-90ff-06891c29114f,"Steward: National Committee for Quality Assurance; OID: 2.16.840.1.113883.3.464.1003.105.12.1203; Code System(s): SNOMEDCT,ICD10CM; Definition Type: Grouping; Definition Version: Latest; Accessed: 2022-02-23 12:59:44",,,True
1000000181,[VSAC] Neuromuscular Disease,[VSAC] Neuromuscular Disease (v1),RP-4A9E,EXTERNAL VSAC,,2022-02-23T17:59:44.521Z,,True,1,Exported from VSAC and bulk imported to N3C.,Clinical Focus: The purpose of this value set is to identify diagnoses of neuromuscular disease.; Data Element Scope: This value set may use a model element related to diagnosis.; Inclusion Criteria: Includes concepts that identify a diagnosis of a neuromuscular disease.,Exclusion Criteria: No exclusions.,,Initial version.,Under Construction,,,a39723f3-dc9c-48ce-90ff-06891c29114f,Steward: The Joint Commission; OID: 2.16.840.1.113762.1.4.1029.307; Code System(s): SNOMEDCT; Definition Type: Extensional; Definition Version: Latest; Accessed: 2022-02-23 12:59:44,,,True
1000000182,[VSAC] Elder Abuse Diagnoses,[VSAC] Elder Abuse Diagnoses (v1),RP-4A9E,EXTERNAL VSAC,,2022-02-23T17:59:44.521Z,,True,1,Exported from VSAC and bulk imported to N3C.,Clinical Focus: <insert metadata>  - The value sets in this group represent the diagnoses associated with Elder Abuse as identified by the Gravity Project; Data Element Scope: Supports the Gravity SDOH Clinical Care FHIR Implementation guide for the exchange of condition.code.; Inclusion Criteria: Includes ICD-10-CM and SNOMED CT diagnoses that have been identified through the Gravity Project community consensus voting process,Exclusion Criteria: N/A,,Initial version.,Under Construction,,,a39723f3-dc9c-48ce-90ff-06891c29114f,"Steward: The Gravity Project; OID: 2.16.840.1.113762.1.4.1247.63; Code System(s): SNOMEDCT,ICD10CM; Definition Type: Grouping; Definition Version: Latest; Accessed: 2022-02-23 12:59:44",,,True
1000000183,[VSAC] Food Insecurity Diagnoses,[VSAC] Food Insecurity Diagnoses (v1),RP-4A9E,EXTERNAL VSAC,,2022-02-23T17:59:44.521Z,,True,1,Exported from VSAC and bulk imported to N3C.,Clinical Focus: <insert metadata>  - This value sets in this group represent the diagnoses associated with food insecurity as identified by the Gravity Project; Data Element Scope: Supports the Gravity SDOH Clinical Care FHIR Implementation guide for the exchange of the condition.code.; Inclusion Criteria: Includes SNOMED CT and ICD 10 CM diagnoses that have been identified through the Gravity Project community consensus voting process,Exclusion Criteria: N/A,,Initial version.,Under Construction,,,a39723f3-dc9c-48ce-90ff-06891c29114f,"Steward: The Gravity Project; OID: 2.16.840.1.113762.1.4.1247.17; Code System(s): SNOMEDCT,ICD10CM; Definition Type: Grouping; Definition Version: Latest; Accessed: 2022-02-23 12:59:44",,,True
1000000184,[VSAC] Homelessness Diagnoses,[VSAC] Homelessness Diagnoses (v1),RP-4A9E,EXTERNAL VSAC,,2022-02-23T17:59:44.521Z,,True,1,Exported from VSAC and bulk imported to N3C.,"Clinical Focus: <insert metadata> This value sets in this group represent the diagnoses associated with homelessness as identified by the Gravity Project; Data Element Scope: Supports the Gravity SDOH Clinical Care FHIR Implementation guide for the exchange of condition,code.; Inclusion Criteria: Includes SNOMED CT and ICD 10 CM diagnoses that have been identified through the Gravity Project community consensus voting process",Exclusion Criteria: N/A,,Initial version.,Under Construction,,,a39723f3-dc9c-48ce-90ff-06891c29114f,"Steward: The Gravity Project; OID: 2.16.840.1.113762.1.4.1247.18; Code System(s): SNOMEDCT,ICD10CM; Definition Type: Grouping; Definition Version: Latest; Accessed: 2022-02-23 12:59:44",,,True
1000000185,[VSAC] Housing Instability Diagnoses,[VSAC] Housing Instability Diagnoses (v1),RP-4A9E,EXTERNAL VSAC,,2022-02-23T17:59:44.521Z,,True,1,Exported from VSAC and bulk imported to N3C.,Clinical Focus: <insert metadata> The value sets in this group represent the diagnoses associated with housing instability as identified by the Gravity Project; Data Element Scope: Supports the Gravity SDOH Clinical Care FHIR Implementation guide for the exchange of condition.code.; Inclusion Criteria: Includes SNOMED CT and ICD10 CM diagnoses that have been identified through the Gravity Project community consensus voting process,Exclusion Criteria: N/A,,Initial version.,Under Construction,,,a39723f3-dc9c-48ce-90ff-06891c29114f,"Steward: The Gravity Project; OID: 2.16.840.1.113762.1.4.1247.24; Code System(s): SNOMEDCT,ICD10CM; Definition Type: Grouping; Definition Version: Latest; Accessed: 2022-02-23 12:59:44",,,True
1000000186,[VSAC] Inadequate Housing Diagnoses,[VSAC] Inadequate Housing Diagnoses (v1),RP-4A9E,EXTERNAL VSAC,,2022-02-23T17:59:44.521Z,,True,1,Exported from VSAC and bulk imported to N3C.,Clinical Focus: <insert metadata> The value sets in this group represent the diagnoses associated with inadequate housing as identified by the Gravity Project; Data Element Scope: Supports the Gravity SDOH Clinical Care FHIR Implementation guide for the exchange of condition.code.; Inclusion Criteria: Includes SNOMED CT and ICD 10 CM diagnoses that have been identified through the Gravity Project community consensus voting process,Exclusion Criteria: N/A,,Initial version.,Under Construction,,,a39723f3-dc9c-48ce-90ff-06891c29114f,"Steward: The Gravity Project; OID: 2.16.840.1.113762.1.4.1247.48; Code System(s): SNOMEDCT,ICD10CM; Definition Type: Grouping; Definition Version: Latest; Accessed: 2022-02-23 12:59:44",,,True
1000000187,[VSAC] Intimate Partner Violence Diagnoses,[VSAC] Intimate Partner Violence Diagnoses (v1),RP-4A9E,EXTERNAL VSAC,,2022-02-23T17:59:44.521Z,,True,1,Exported from VSAC and bulk imported to N3C.,Clinical Focus: <insert metadata>  - The value sets in this group represent the diagnoses associated with Intimate Partner Violence as identified by the Gravity Project; Data Element Scope: Supports the Gravity SDOH Clinical Care FHIR Implementation guide for the exchange of condition.code.; Inclusion Criteria: Includes SNOMED CT and ICD 10 CM diagnoses that have been identified through the Gravity Project community consensus voting process,Exclusion Criteria: N/A,,Initial version.,Under Construction,,,a39723f3-dc9c-48ce-90ff-06891c29114f,"Steward: The Gravity Project; OID: 2.16.840.1.113762.1.4.1247.84; Code System(s): SNOMEDCT,ICD10CM; Definition Type: Grouping; Definition Version: Latest; Accessed: 2022-02-23 12:59:44",,,True
1000000188,[VSAC] Material Hardship Diagnoses,[VSAC] Material Hardship Diagnoses (v1),RP-4A9E,EXTERNAL VSAC,,2022-02-23T17:59:44.521Z,,True,1,Exported from VSAC and bulk imported to N3C.,Clinical Focus: <insert metadata>  - The value sets in this group represent the diagnoses associated with material hardship as identified by the Gravity Project; Data Element Scope: Supports the Gravity SDOH Clinical Care FHIR Implementation guide for the exchange of condition.code.; Inclusion Criteria: Includes ICD-10-CM and SNOMED CT diagnoses that have been identified through the Gravity Project community consensus voting process,Exclusion Criteria: N/A,,Initial version.,Under Construction,,,a39723f3-dc9c-48ce-90ff-06891c29114f,"Steward: The Gravity Project; OID: 2.16.840.1.113762.1.4.1247.35; Code System(s): SNOMEDCT,ICD10CM; Definition Type: Grouping; Definition Version: Latest; Accessed: 2022-02-23 12:59:44",,,True
1000000189,[VSAC] Social Connection Diagnoses,[VSAC] Social Connection Diagnoses (v1),RP-4A9E,EXTERNAL VSAC,,2022-02-23T17:59:44.522Z,,True,1,Exported from VSAC and bulk imported to N3C.,Clinical Focus: <insert metadata>  - The value sets in this group represent the diagnoses associated with Social Connection as identified by the Gravity Project; Data Element Scope: Supports the Gravity SDOH Clinical Care FHIR Implementation guide for the exchange of condition.code.; Inclusion Criteria: Includes SNOMED CT and ICD 10 CM diagnoses that have been identified through the Gravity Project community consensus voting process,Exclusion Criteria: N/A,,Initial version.,Under Construction,,,a39723f3-dc9c-48ce-90ff-06891c29114f,"Steward: The Gravity Project; OID: 2.16.840.1.113762.1.4.1247.81; Code System(s): SNOMEDCT,ICD10CM; Definition Type: Grouping; Definition Version: Latest; Accessed: 2022-02-23 12:59:44",,,True
1000000190,[VSAC] Stress Diagnoses,[VSAC] Stress Diagnoses (v1),RP-4A9E,EXTERNAL VSAC,,2022-02-23T17:59:44.522Z,,True,1,Exported from VSAC and bulk imported to N3C.,Clinical Focus: <insert metadata>  - The value sets in this group represent the diagnoses associated with Stress as identified by the Gravity Project; Data Element Scope: Supports the Gravity SDOH Clinical Care FHIR Implementation guide for the exchange of condition.code.; Inclusion Criteria: Includes SNOMED CT and ICD 10 CM diagnoses that have been identified through the Gravity Project community consensus voting process,Exclusion Criteria: N/A,,Initial version.,Under Construction,,,a39723f3-dc9c-48ce-90ff-06891c29114f,"Steward: The Gravity Project; OID: 2.16.840.1.113762.1.4.1247.75; Code System(s): SNOMEDCT,ICD10CM; Definition Type: Grouping; Definition Version: Latest; Accessed: 2022-02-23 12:59:44",,,True
1000000191,[VSAC] Transportation Insecurity Diagnoses,[VSAC] Transportation Insecurity Diagnoses (v1),RP-4A9E,EXTERNAL VSAC,,2022-02-23T17:59:44.522Z,,True,1,Exported from VSAC and bulk imported to N3C.,Clinical Focus: <insert metadata>  - The value sets in this group represent the diagnoses associated with transportation insecurity as identified by the Gravity Project; Data Element Scope: Supports the Gravity SDOH Clinical Care FHIR Implementation guide for the exchange of condition.code.; Inclusion Criteria: Includes SNOMED CT transportation insecurity codes that have been identified through the Gravity Project community consensus voting process,Exclusion Criteria: N/A,,Initial version.,Under Construction,,,a39723f3-dc9c-48ce-90ff-06891c29114f,Steward: The Gravity Project; OID: 2.16.840.1.113762.1.4.1247.26; Code System(s): SNOMEDCT; Definition Type: Grouping; Definition Version: Latest; Accessed: 2022-02-23 12:59:44,,,True
1000000192,[VSAC] Unemployment Diagnoses,[VSAC] Unemployment Diagnoses (v1),RP-4A9E,EXTERNAL VSAC,,2022-02-23T17:59:44.522Z,,True,1,Exported from VSAC and bulk imported to N3C.,Clinical Focus: <insert metadata>  - The value sets in this group represent the diagnoses associated with unemployment as identified by the Gravity Project; Data Element Scope: Supports the Gravity SDOH Clinical Care FHIR Implementation guide for the exchange of condition.code.; Inclusion Criteria: Includes ICD-10-CM and SNOMED CT diagnoses that have been identified through the Gravity Project community consensus voting process,Exclusion Criteria: N/A,,Initial version.,Under Construction,,,a39723f3-dc9c-48ce-90ff-06891c29114f,"Steward: The Gravity Project; OID: 2.16.840.1.113762.1.4.1247.42; Code System(s): SNOMEDCT,ICD10CM; Definition Type: Grouping; Definition Version: Latest; Accessed: 2022-02-23 12:59:44",,,True
1000000193,[VSAC] Veteran Status Diagnoses,[VSAC] Veteran Status Diagnoses (v1),RP-4A9E,EXTERNAL VSAC,,2022-02-23T17:59:44.522Z,,True,1,Exported from VSAC and bulk imported to N3C.,Clinical Focus: <insert metadata>  - The value sets in this group represent the diagnoses associated with Veteran Status as identified by the Gravity Project; Data Element Scope: Supports the Gravity SDOH Clinical Care FHIR Implementation guide for the exchange of condition.code.; Inclusion Criteria: Includes ICD 10 CM and SNOMED CT diagnoses that have been identified through the Gravity Project community consensus voting process,Exclusion Criteria: N/A,,Initial version.,Under Construction,,,a39723f3-dc9c-48ce-90ff-06891c29114f,"Steward: The Gravity Project; OID: 2.16.840.1.113762.1.4.1247.78; Code System(s): SNOMEDCT,ICD10CM; Definition Type: Grouping; Definition Version: Latest; Accessed: 2022-02-23 12:59:44",,,True
1000000194,[VSAC] Elder Abuse Procedures,[VSAC] Elder Abuse Procedures (v1),RP-4A9E,EXTERNAL VSAC,,2022-02-23T17:59:44.522Z,,True,1,Exported from VSAC and bulk imported to N3C.,Clinical Focus: <insert metadata>  - The value sets in this group represent the interventions associated with Elder Abuse as identified by the Gravity Project; Data Element Scope: Supports the Gravity SDOH Clinical Care FHIR Implementation guide for the exchange of procedure.code.; Inclusion Criteria: Includes SNOMED CT and CPT interventions that have been identified through the Gravity Project community consensus voting process,Exclusion Criteria: N/A,,Initial version.,Under Construction,,,a39723f3-dc9c-48ce-90ff-06891c29114f,"Steward: The Gravity Project; OID: 2.16.840.1.113762.1.4.1247.67; Code System(s): SNOMEDCT,CPT; Definition Type: Grouping; Definition Version: Latest; Accessed: 2022-02-23 12:59:44",,,True
1000000195,[VSAC] Financial Insecurity Procedures,[VSAC] Financial Insecurity Procedures (v1),RP-4A9E,EXTERNAL VSAC,,2022-02-23T17:59:44.522Z,,True,1,Exported from VSAC and bulk imported to N3C.,Clinical Focus: <insert metadata>  - The value sets in this group represent the interventions associated with financial insecurity as identified by the Gravity Project; Data Element Scope: Supports the Gravity SDOH Clinical Care FHIR Implementation guide for the exchange of procedure.code.; Inclusion Criteria: Includes SNOMED CT and CPT interventions that have been identified through the Gravity Project community consensus voting process,Exclusion Criteria: N/A,,Initial version.,Under Construction,,,a39723f3-dc9c-48ce-90ff-06891c29114f,"Steward: The Gravity Project; OID: 2.16.840.1.113762.1.4.1247.32; Code System(s): SNOMEDCT,CPT; Definition Type: Grouping; Definition Version: Latest; Accessed: 2022-02-23 12:59:44",,,True
1000000196,[VSAC] Food Insecurity Procedures,[VSAC] Food Insecurity Procedures (v1),RP-4A9E,EXTERNAL VSAC,,2022-02-23T17:59:44.522Z,,True,1,Exported from VSAC and bulk imported to N3C.,"Clinical Focus: <insert metadata> -  - The value sets in this group represent the interventions for food insecurity as identified by the Gravity Project; Data Element Scope: Supports the Gravity SDOH Clinical Care FHIR Implementation guide for the exchange of procedure.code elements; Inclusion Criteria: Includes SNOMED CT, CPT and HCPCS food insecurity interventions  that have been identified through the Gravity Project community consensus voting process",Exclusion Criteria: N/A,,Initial version.,Under Construction,,,a39723f3-dc9c-48ce-90ff-06891c29114f,"Steward: The Gravity Project; OID: 2.16.840.1.113762.1.4.1247.7; Code System(s): SNOMEDCT,CPT,HCPCS Level II; Definition Type: Grouping; Definition Version: Latest; Accessed: 2022-02-23 12:59:44",,,True
1000000197,[VSAC] Homelessness Procedures,[VSAC] Homelessness Procedures (v1),RP-4A9E,EXTERNAL VSAC,,2022-02-23T17:59:44.522Z,,True,1,Exported from VSAC and bulk imported to N3C.,Clinical Focus: <insert metadata> The value sets in this group represent the interventions associated with homelessness as identified by the Gravity Project.; Data Element Scope: Supports the Gravity SDOH Clinical Care FHIR Implementation guide for the exchange of procedure.code resource element.; Inclusion Criteria: Includes SNOMED CT and CPT interventions that have been identified through the Gravity Project community consensus voting process,Exclusion Criteria: N/A,,Initial version.,Under Construction,,,a39723f3-dc9c-48ce-90ff-06891c29114f,"Steward: The Gravity Project; OID: 2.16.840.1.113762.1.4.1247.20; Code System(s): SNOMEDCT,CPT; Definition Type: Grouping; Definition Version: Latest; Accessed: 2022-02-23 12:59:44",,,True
1000000198,[VSAC] Housing Instability Procedures,[VSAC] Housing Instability Procedures (v1),RP-4A9E,EXTERNAL VSAC,,2022-02-23T17:59:44.522Z,,True,1,Exported from VSAC and bulk imported to N3C.,Clinical Focus: <insert metadata> The value sets in this group represent the interventions associated with housing instability as identified by the Gravity Project; Data Element Scope: Supports the Gravity SDOH Clinical Care FHIR Implementation guide for the exchange of procedure.code.; Inclusion Criteria: Includes SNOMED CT and CPT interventions that have been identified through the Gravity Project community consensus voting process,Exclusion Criteria: N/A,,Initial version.,Under Construction,,,a39723f3-dc9c-48ce-90ff-06891c29114f,"Steward: The Gravity Project; OID: 2.16.840.1.113762.1.4.1247.44; Code System(s): SNOMEDCT,CPT; Definition Type: Grouping; Definition Version: Latest; Accessed: 2022-02-23 12:59:44",,,True
1000000199,[VSAC] Inadequate Housing Procedures,[VSAC] Inadequate Housing Procedures (v1),RP-4A9E,EXTERNAL VSAC,,2022-02-23T17:59:44.523Z,,True,1,Exported from VSAC and bulk imported to N3C.,Clinical Focus: <insert metadata> The value sets in this group represent the interventions associated with inadequate housing as identified by the Gravity Project; Data Element Scope: Supports the Gravity SDOH Clinical Care FHIR Implementation guide for the exchange of procedure.code.; Inclusion Criteria: Includes SNOMED CT and CPT interventions that have been identified through the Gravity Project community consensus voting process,Exclusion Criteria: N/A,,Initial version.,Under Construction,,,a39723f3-dc9c-48ce-90ff-06891c29114f,"Steward: The Gravity Project; OID: 2.16.840.1.113762.1.4.1247.52; Code System(s): SNOMEDCT,CPT; Definition Type: Grouping; Definition Version: Latest; Accessed: 2022-02-23 12:59:44",,,True
1000000200,[VSAC] Intimate Partner Violence Procedures,[VSAC] Intimate Partner Violence Procedures (v1),RP-4A9E,EXTERNAL VSAC,,2022-02-23T17:59:44.523Z,,True,1,Exported from VSAC and bulk imported to N3C.,Clinical Focus: insert metadata>  -  - The value sets in this group represent the interventions associated with Intimate Partner Violence as identified by the Gravity Project; Data Element Scope: Supports the Gravity SDOH Clinical Care FHIR Implementation guide for the exchange of procedure.code.; Inclusion Criteria: Includes SNOMED CT and CPT interventions that have been identified through the Gravity Project community consensus voting process,Exclusion Criteria: N/A,,Initial version.,Under Construction,,,a39723f3-dc9c-48ce-90ff-06891c29114f,"Steward: The Gravity Project; OID: 2.16.840.1.113762.1.4.1247.97; Code System(s): SNOMEDCT,CPT; Definition Type: Grouping; Definition Version: Latest; Accessed: 2022-02-23 12:59:44",,,True
1000000201,[VSAC] Less than high school education Procedures,[VSAC] Less than high school education Procedures (v1),RP-4A9E,EXTERNAL VSAC,,2022-02-23T17:59:44.523Z,,True,1,Exported from VSAC and bulk imported to N3C.,Clinical Focus: <insert metadata>  - The value sets in this group represent the interventions associated with Less than high school education as identified by the Gravity Project.; Data Element Scope: Supports the Gravity SDOH Clinical Care FHIR Implementation guide for the exchange of procedure.code.; Inclusion Criteria: Includes SNOMED CT and CPT codes that have been identified through the Gravity Project community consensus voting process,Exclusion Criteria: N/A,,Initial version.,Under Construction,,,a39723f3-dc9c-48ce-90ff-06891c29114f,"Steward: The Gravity Project; OID: 2.16.840.1.113762.1.4.1247.56; Code System(s): SNOMEDCT,CPT; Definition Type: Grouping; Definition Version: Latest; Accessed: 2022-02-23 12:59:44",,,True
1000000202,[VSAC] Material Hardship Procedures,[VSAC] Material Hardship Procedures (v1),RP-4A9E,EXTERNAL VSAC,,2022-02-23T17:59:44.523Z,,True,1,Exported from VSAC and bulk imported to N3C.,Clinical Focus: <insert metadata>  - The value sets in this group represent the interventions associated with material hardship as identified by the Gravity Project; Data Element Scope: Supports the Gravity SDOH Clinical Care FHIR Implementation guide for the exchange of procedure.code.; Inclusion Criteria: Includes SNOMED CT and CPT interventions that have been identified through the Gravity Project community consensus voting process,Exclusion Criteria: N/A,,Initial version.,Under Construction,,,a39723f3-dc9c-48ce-90ff-06891c29114f,"Steward: The Gravity Project; OID: 2.16.840.1.113762.1.4.1247.39; Code System(s): SNOMEDCT,CPT; Definition Type: Grouping; Definition Version: Latest; Accessed: 2022-02-23 12:59:44",,,True
1000000203,[VSAC] Social Connection Procedures,[VSAC] Social Connection Procedures (v1),RP-4A9E,EXTERNAL VSAC,,2022-02-23T17:59:44.523Z,,True,1,Exported from VSAC and bulk imported to N3C.,Clinical Focus: <insert metadata>  -  - The value sets in this group represent the intervention associated with Social Connection as identified by the Gravity Project; Data Element Scope: Supports the Gravity SDOH Clinical Care FHIR Implementation guide for the exchange of procedure.code.; Inclusion Criteria: Includes SNOMED CT and CPT interventions that have been identified through the Gravity Project community consensus voting process,Exclusion Criteria: N/A,,Initial version.,Under Construction,,,a39723f3-dc9c-48ce-90ff-06891c29114f,"Steward: The Gravity Project; OID: 2.16.840.1.113762.1.4.1247.94; Code System(s): SNOMEDCT,CPT; Definition Type: Grouping; Definition Version: Latest; Accessed: 2022-02-23 12:59:44",,,True
1000000204,[VSAC] Social Determinants of Health Procedures,[VSAC] Social Determinants of Health Procedures (v1),RP-4A9E,EXTERNAL VSAC,,2022-02-23T17:59:44.523Z,,True,1,Exported from VSAC and bulk imported to N3C.,"Clinical Focus: The value sets in this group represent all of the individual domain interventions identified by the Gravity Project; Data Element Scope: Supports the Gravity SDOH Clinical Care FHIR Implementation guide for the exchange of procedure resource elements.; Inclusion Criteria: Includes SNOMED CT, CPT and HCPCS interventions that have been identified through the Gravity Project community consensus voting process",Exclusion Criteria: N/A,,Initial version.,Under Construction,,,a39723f3-dc9c-48ce-90ff-06891c29114f,"Steward: The Gravity Project; OID: 2.16.840.1.113762.1.4.1196.789; Code System(s): SNOMEDCT,CPT,HCPCS Level II; Definition Type: Grouping; Definition Version: Latest; Accessed: 2022-02-23 12:59:44",,,True
1000000205,[VSAC] Stress Procedures,[VSAC] Stress Procedures (v1),RP-4A9E,EXTERNAL VSAC,,2022-02-23T17:59:44.523Z,,True,1,Exported from VSAC and bulk imported to N3C.,Clinical Focus: <insert metadata>  - The value sets in this group represent the interventions associated with Stress as identified by the Gravity Project; Data Element Scope: Supports the Gravity SDOH Clinical Care FHIR Implementation guide for the exchange of procedure.code.; Inclusion Criteria: Includes SNOMED CT and CPT interventions that have been identified through the Gravity Project community consensus voting process,Exclusion Criteria: N/A,,Initial version.,Under Construction,,,a39723f3-dc9c-48ce-90ff-06891c29114f,"Steward: The Gravity Project; OID: 2.16.840.1.113762.1.4.1247.87; Code System(s): SNOMEDCT,CPT; Definition Type: Grouping; Definition Version: Latest; Accessed: 2022-02-23 12:59:44",,,True
1000000206,[VSAC] Transportation Insecurity Procedures,[VSAC] Transportation Insecurity Procedures (v1),RP-4A9E,EXTERNAL VSAC,,2022-02-23T17:59:44.523Z,,True,1,Exported from VSAC and bulk imported to N3C.,Clinical Focus: <insert metadata>  - The value sets in this group represent the interventions associated with transportation insecurity as identified by the Gravity Project; Data Element Scope: Supports the Gravity SDOH Clinical Care FHIR Implementation guide for the exchange of procedure.code.; Inclusion Criteria: Includes SNOMED CT and CPT interventions that have been identified through the Gravity Project community consensus voting process,Exclusion Criteria: N/A,,Initial version.,Under Construction,,,a39723f3-dc9c-48ce-90ff-06891c29114f,"Steward: The Gravity Project; OID: 2.16.840.1.113762.1.4.1247.27; Code System(s): SNOMEDCT,CPT; Definition Type: Grouping; Definition Version: Latest; Accessed: 2022-02-23 12:59:44",,,True
1000000207,[VSAC] Unemployment Procedures,[VSAC] Unemployment Procedures (v1),RP-4A9E,EXTERNAL VSAC,,2022-02-23T17:59:44.523Z,,True,1,Exported from VSAC and bulk imported to N3C.,Clinical Focus: <insert metadata> -  The value sets in this group represent the interventions associated with unemployment as identified by the Gravity Project; Data Element Scope: Supports the Gravity SDOH Clinical Care FHIR Implementation guide for the exchange of procedure.code.; Inclusion Criteria: Includes SNOMED CT and CPT intervention codes that have been identified through the Gravity Project community consensus voting process,Exclusion Criteria: N/A,,Initial version.,Under Construction,,,a39723f3-dc9c-48ce-90ff-06891c29114f,"Steward: The Gravity Project; OID: 2.16.840.1.113762.1.4.1247.59; Code System(s): SNOMEDCT,CPT; Definition Type: Grouping; Definition Version: Latest; Accessed: 2022-02-23 12:59:44",,,True
1000000208,[VSAC] Veteran Status Procedures,[VSAC] Veteran Status Procedures (v1),RP-4A9E,EXTERNAL VSAC,,2022-02-23T17:59:44.524Z,,True,1,Exported from VSAC and bulk imported to N3C.,Clinical Focus: <insert metadata> The value sets in this group represent the interventions associated with Veterans Status as identified by the Gravity Project; Data Element Scope: Supports the Gravity SDOH Clinical Care FHIR Implementation guide for the exchange of procedure.code.; Inclusion Criteria: Includes SNOMED CT and CPT interventions that have been identified through the Gravity Project community consensus voting process,Exclusion Criteria: N/A,,Initial version.,Under Construction,,,a39723f3-dc9c-48ce-90ff-06891c29114f,"Steward: The Gravity Project; OID: 2.16.840.1.113762.1.4.1247.90; Code System(s): SNOMEDCT,CPT; Definition Type: Grouping; Definition Version: Latest; Accessed: 2022-02-23 12:59:44",,,True
1000000209,[VSAC] Elder Abuse Service Requests,[VSAC] Elder Abuse Service Requests (v1),RP-4A9E,EXTERNAL VSAC,,2022-02-23T17:59:44.524Z,,True,1,Exported from VSAC and bulk imported to N3C.,Clinical Focus: <insert metadata>  - The value sets in this group represent the interventions associated with Elder Abuse as identified by the Gravity Project; Data Element Scope: Supports the Gravity SDOH Clinical Care FHIR Implementation guide for the exchange of servicerequest.code.; Inclusion Criteria: Includes SNOMED CT and CPT interventions that have been identified through the Gravity Project community consensus voting process,Exclusion Criteria: N/A,,Initial version.,Under Construction,,,a39723f3-dc9c-48ce-90ff-06891c29114f,"Steward: The Gravity Project; OID: 2.16.840.1.113762.1.4.1247.68; Code System(s): SNOMEDCT,CPT; Definition Type: Grouping; Definition Version: Latest; Accessed: 2022-02-23 12:59:44",,,True
1000000210,[VSAC] Financial Insecurity Service Requests,[VSAC] Financial Insecurity Service Requests (v1),RP-4A9E,EXTERNAL VSAC,,2022-02-23T17:59:44.524Z,,True,1,Exported from VSAC and bulk imported to N3C.,Clinical Focus: <insert metadata>  - The value sets in this group represent the interventions associated with financial insecurity  as identified by the Gravity Project; Data Element Scope: Supports the Gravity SDOH Clinical Care FHIR Implementation guide for the exchange of servicerequest.code; Inclusion Criteria: Includes SNOMED CT and CPT financial insecurity codes that have been identified through the Gravity Project community consensus voting process.,Exclusion Criteria: N/A,,Initial version.,Under Construction,,,a39723f3-dc9c-48ce-90ff-06891c29114f,"Steward: The Gravity Project; OID: 2.16.840.1.113762.1.4.1247.31; Code System(s): SNOMEDCT,CPT; Definition Type: Grouping; Definition Version: Latest; Accessed: 2022-02-23 12:59:44",,,True
1000000211,[VSAC] Food Insecurity Service Requests,[VSAC] Food Insecurity Service Requests (v1),RP-4A9E,EXTERNAL VSAC,,2022-02-23T17:59:44.524Z,,True,1,Exported from VSAC and bulk imported to N3C.,"Clinical Focus: <insert metadata> -  - The value sets in this group represent the interventions associated with food insecurity as identified by the Gravity Project; Data Element Scope: Supports the Gravity SDOH Clinical Care FHIR Implementation guide for the exchange of servicerequest.code elements.; Inclusion Criteria: Includes SNOMED CT, CPT, HCPCS interventions  that have been identified through the Gravity Project community consensus voting process",Exclusion Criteria: N/A,,Initial version.,Under Construction,,,a39723f3-dc9c-48ce-90ff-06891c29114f,"Steward: The Gravity Project; OID: 2.16.840.1.113762.1.4.1247.11; Code System(s): SNOMEDCT,CPT,HCPCS Level II; Definition Type: Grouping; Definition Version: Latest; Accessed: 2022-02-23 12:59:44",,,True
1000000212,[VSAC] Homelessness Service Requests,[VSAC] Homelessness Service Requests (v1),RP-4A9E,EXTERNAL VSAC,,2022-02-23T17:59:44.524Z,,True,1,Exported from VSAC and bulk imported to N3C.,Clinical Focus: <insert metadata> The value sets in this group represent the interventions associated with the homelessness domain as identified by the Gravity Project; Data Element Scope: Supports the Gravity SDOH Clinical Care FHIR Implementation guide for the exchange of servicerequest.code element.; Inclusion Criteria: Includes SNOMED and CPT interventions that have been identified through the Gravity Project community consensus voting process,Exclusion Criteria: N/A,,Initial version.,Under Construction,,,a39723f3-dc9c-48ce-90ff-06891c29114f,"Steward: The Gravity Project; OID: 2.16.840.1.113762.1.4.1247.21; Code System(s): SNOMEDCT,CPT; Definition Type: Grouping; Definition Version: Latest; Accessed: 2022-02-23 12:59:44",,,True
1000000213,[VSAC] Housing Instability Service Requests,[VSAC] Housing Instability Service Requests (v1),RP-4A9E,EXTERNAL VSAC,,2022-02-23T17:59:44.524Z,,True,1,Exported from VSAC and bulk imported to N3C.,Clinical Focus: <insert metadata> The value sets in this group represent the interventions associated with housing instability as identified by the Gravity Project; Data Element Scope: Supports the Gravity SDOH Clinical Care FHIR Implementation guide for the exchange of servicerequest.code.; Inclusion Criteria: Includes SNOMEDCT and CPT that have been identified through the Gravity Project community consensus voting process,Exclusion Criteria: N/A,,Initial version.,Under Construction,,,a39723f3-dc9c-48ce-90ff-06891c29114f,"Steward: The Gravity Project; OID: 2.16.840.1.113762.1.4.1247.45; Code System(s): SNOMEDCT,CPT; Definition Type: Grouping; Definition Version: Latest; Accessed: 2022-02-23 12:59:44",,,True
1000000214,[VSAC] Inadequate Housing Service Requests,[VSAC] Inadequate Housing Service Requests (v1),RP-4A9E,EXTERNAL VSAC,,2022-02-23T17:59:44.524Z,,True,1,Exported from VSAC and bulk imported to N3C.,Clinical Focus: <insert metadata> The value sets in this group represent the interventions associated with <insert domain> as identified by the Gravity Project; Data Element Scope: Supports the Gravity SDOH Clinical Care FHIR Implementation guide for the exchange of servicerequest.code.; Inclusion Criteria: Includes SNOMED CT and CPT interventions that have been identified through the Gravity Project community consensus voting process,Exclusion Criteria: N/A,,Initial version.,Under Construction,,,a39723f3-dc9c-48ce-90ff-06891c29114f,"Steward: The Gravity Project; OID: 2.16.840.1.113762.1.4.1247.53; Code System(s): SNOMEDCT,CPT; Definition Type: Grouping; Definition Version: Latest; Accessed: 2022-02-23 12:59:44",,,True
1000000215,[VSAC] Intimate Partner Violence Service Requests,[VSAC] Intimate Partner Violence Service Requests (v1),RP-4A9E,EXTERNAL VSAC,,2022-02-23T17:59:44.524Z,,True,1,Exported from VSAC and bulk imported to N3C.,Clinical Focus: insert metadata>  -  - The value sets in this group represent the interventions associated with Intimate Partner Violence as identified by the Gravity Project; Data Element Scope: Supports the Gravity SDOH Clinical Care FHIR Implementation guide for the exchange of servicerequest.code.; Inclusion Criteria: Includes SNOMED CT and CPT interventions that have been identified through the Gravity Project community consensus voting process,Exclusion Criteria: N/A,,Initial version.,Under Construction,,,a39723f3-dc9c-48ce-90ff-06891c29114f,"Steward: The Gravity Project; OID: 2.16.840.1.113762.1.4.1247.98; Code System(s): SNOMEDCT,CPT; Definition Type: Grouping; Definition Version: Latest; Accessed: 2022-02-23 12:59:44",,,True
1000000216,[VSAC] Less than high school education Service Requests,[VSAC] Less than high school education Service Requests (v1),RP-4A9E,EXTERNAL VSAC,,2022-02-23T17:59:44.524Z,,True,1,Exported from VSAC and bulk imported to N3C.,Clinical Focus: <insert metadata>  - The value sets in this group represent the interventions associated with Less than high school education as identified by the Gravity Project.; Data Element Scope: Supports the Gravity SDOH Clinical Care FHIR Implementation guide for the exchange of servicerequest.code.; Inclusion Criteria: Includes SNOMED CT and CPT codes that have been identified through the Gravity Project community consensus voting process,Exclusion Criteria: N/A,,Initial version.,Under Construction,,,a39723f3-dc9c-48ce-90ff-06891c29114f,"Steward: The Gravity Project; OID: 2.16.840.1.113762.1.4.1247.57; Code System(s): SNOMEDCT,CPT; Definition Type: Grouping; Definition Version: Latest; Accessed: 2022-02-23 12:59:44",,,True
1000000217,[VSAC] Material Hardship Service Requests,[VSAC] Material Hardship Service Requests (v1),RP-4A9E,EXTERNAL VSAC,,2022-02-23T17:59:44.525Z,,True,1,Exported from VSAC and bulk imported to N3C.,Clinical Focus: <insert metadata>  - The value sets in this group represent the interventions associated with Material Hardship as identified by the Gravity Project; Data Element Scope: Supports the Gravity SDOH Clinical Care FHIR Implementation guide for the exchange of servicerequest.code; Inclusion Criteria: Includes SNOMED CT and CPT Material Hardship codes that have been identified through the Gravity Project community consensus voting process.,Exclusion Criteria: N/A,,Initial version.,Under Construction,,,a39723f3-dc9c-48ce-90ff-06891c29114f,"Steward: The Gravity Project; OID: 2.16.840.1.113762.1.4.1247.38; Code System(s): SNOMEDCT,CPT; Definition Type: Grouping; Definition Version: Latest; Accessed: 2022-02-23 12:59:44",,,True
1000000218,[VSAC] Social Connection Service Requests,[VSAC] Social Connection Service Requests (v1),RP-4A9E,EXTERNAL VSAC,,2022-02-23T17:59:44.525Z,,True,1,Exported from VSAC and bulk imported to N3C.,Clinical Focus: <insert metadata>  -  - The value sets in this group represent the intervention associated with Social Connection as identified by the Gravity Project; Data Element Scope: Supports the Gravity SDOH Clinical Care FHIR Implementation guide for the exchange of servicerequest.code.; Inclusion Criteria: Includes SNOMED CT and CPT interventions that have been identified through the Gravity Project community consensus voting process,Exclusion Criteria: N/A,,Initial version.,Under Construction,,,a39723f3-dc9c-48ce-90ff-06891c29114f,"Steward: The Gravity Project; OID: 2.16.840.1.113762.1.4.1247.95; Code System(s): SNOMEDCT,CPT; Definition Type: Grouping; Definition Version: Latest; Accessed: 2022-02-23 12:59:44",,,True
1000000219,[VSAC] Social Determinants of Health Service Requests,[VSAC] Social Determinants of Health Service Requests (v1),RP-4A9E,EXTERNAL VSAC,,2022-02-23T17:59:44.525Z,,True,1,Exported from VSAC and bulk imported to N3C.,"Clinical Focus: The value sets in this group represent all of the individual domain interventions identified by the Gravity Project; Data Element Scope: Supports the Gravity SDOH Clinical Care FHIR Implementation guide for the exchange of Service Request resource elements.; Inclusion Criteria: Includes SNOMED CT, CPT, HCPCS interventions that have been identified through the Gravity Project community consensus voting process",Exclusion Criteria: N/A,,Initial version.,Under Construction,,,a39723f3-dc9c-48ce-90ff-06891c29114f,"Steward: The Gravity Project; OID: 2.16.840.1.113762.1.4.1196.790; Code System(s): SNOMEDCT,CPT,HCPCS Level II; Definition Type: Grouping; Definition Version: Latest; Accessed: 2022-02-23 12:59:44",,,True
1000000220,[VSAC] Stress Service Requests,[VSAC] Stress Service Requests (v1),RP-4A9E,EXTERNAL VSAC,,2022-02-23T17:59:44.525Z,,True,1,Exported from VSAC and bulk imported to N3C.,Clinical Focus: <insert metadata>  - The value sets in this group represent the interventions associated with Stress as identified by the Gravity Project; Data Element Scope: Supports the Gravity SDOH Clinical Care FHIR Implementation guide for the exchange of servicerequest.code.; Inclusion Criteria: Includes SNOMED CT and CPT interventions that have been identified through the Gravity Project community consensus voting process,Exclusion Criteria: N/A,,Initial version.,Under Construction,,,a39723f3-dc9c-48ce-90ff-06891c29114f,"Steward: The Gravity Project; OID: 2.16.840.1.113762.1.4.1247.92; Code System(s): SNOMEDCT,CPT; Definition Type: Grouping; Definition Version: Latest; Accessed: 2022-02-23 12:59:44",,,True
1000000221,[VSAC] Transportation Insecurity Service Requests,[VSAC] Transportation Insecurity Service Requests (v1),RP-4A9E,EXTERNAL VSAC,,2022-02-23T17:59:44.525Z,,True,1,Exported from VSAC and bulk imported to N3C.,Clinical Focus: <insert metadata>  - The value sets in this group represent the interventions associated with transportation insecurity  as identified by the Gravity Project; Data Element Scope: Supports the Gravity SDOH Clinical Care FHIR Implementation guide for the exchange of servicerequest.code; Inclusion Criteria: Includes SNOMED CT and CPT transportation insecurity codes that have been identified through the Gravity Project community consensus voting process.,Exclusion Criteria: N/A,,Initial version.,Under Construction,,,a39723f3-dc9c-48ce-90ff-06891c29114f,"Steward: The Gravity Project; OID: 2.16.840.1.113762.1.4.1247.28; Code System(s): SNOMEDCT,CPT; Definition Type: Grouping; Definition Version: Latest; Accessed: 2022-02-23 12:59:44",,,True
1000000222,[VSAC] Unemployment Service Requests,[VSAC] Unemployment Service Requests (v1),RP-4A9E,EXTERNAL VSAC,,2022-02-23T17:59:44.525Z,,True,1,Exported from VSAC and bulk imported to N3C.,Clinical Focus: <insert metadata>  - The value sets in this group represent the interventions associated with unemployment as identified by the Gravity Project; Data Element Scope: Supports the Gravity SDOH Clinical Care FHIR Implementation guide for the exchange of servicerequest.code.; Inclusion Criteria: Includes SNOMED CT and CPT interventions that have been identified through the Gravity Project community consensus voting process,Exclusion Criteria: N/A,,Initial version.,Under Construction,,,a39723f3-dc9c-48ce-90ff-06891c29114f,"Steward: The Gravity Project; OID: 2.16.840.1.113762.1.4.1247.60; Code System(s): SNOMEDCT,CPT; Definition Type: Grouping; Definition Version: Latest; Accessed: 2022-02-23 12:59:44",,,True
1000000223,[VSAC] Veteran Status Service Requests,[VSAC] Veteran Status Service Requests (v1),RP-4A9E,EXTERNAL VSAC,,2022-02-23T17:59:44.525Z,,True,1,Exported from VSAC and bulk imported to N3C.,Clinical Focus: <insert metadata> The value sets in this group represent the interventions associated with Veterans Status as identified by the Gravity Project; Data Element Scope: Supports the Gravity SDOH Clinical Care FHIR Implementation guide for the exchange of servicerequest.code.; Inclusion Criteria: Includes SNOMED CT and CPT interventions that have been identified through the Gravity Project community consensus voting process,Exclusion Criteria: N/A,,Initial version.,Under Construction,,,a39723f3-dc9c-48ce-90ff-06891c29114f,"Steward: The Gravity Project; OID: 2.16.840.1.113762.1.4.1247.91; Code System(s): SNOMEDCT,CPT; Definition Type: Grouping; Definition Version: Latest; Accessed: 2022-02-23 12:59:44",,,True
1000000224,[VSAC] Elder Abuse Goals,[VSAC] Elder Abuse Goals (v1),RP-4A9E,EXTERNAL VSAC,,2022-02-23T17:59:44.525Z,,True,1,Exported from VSAC and bulk imported to N3C.,Clinical Focus: <insert metadata>  - The value sets in this group represent the goals  associated with Elder Abuse as identified by the Gravity Project; Data Element Scope: Supports the Gravity SDOH Clinical Care FHIR Implementation guide for the exchange of goal.description.; Inclusion Criteria: Includes SNOMED CT goals that have been identified through the Gravity Project community consensus voting process,Exclusion Criteria: N/A,,Initial version.,Under Construction,,,a39723f3-dc9c-48ce-90ff-06891c29114f,Steward: The Gravity Project; OID: 2.16.840.1.113762.1.4.1247.65; Code System(s): SNOMEDCT; Definition Type: Grouping; Definition Version: Latest; Accessed: 2022-02-23 12:59:44,,,True
1000000225,[VSAC] Financial Insecurity Goals,[VSAC] Financial Insecurity Goals (v1),RP-4A9E,EXTERNAL VSAC,,2022-02-23T17:59:44.525Z,,True,1,Exported from VSAC and bulk imported to N3C.,Clinical Focus: <insert metadata> -  - The terms in this value set represent the goals associated with financial insecurity as identified by the Gravity Project; Data Element Scope: Supports the Gravity SDOH Clinical Care FHIR Implementation guide for the exchange of goal.description.; Inclusion Criteria: Includes SNOMED CT goals that have been identified through the Gravity Project community consensus voting process,Exclusion Criteria: N/A,,Initial version.,Under Construction,,,a39723f3-dc9c-48ce-90ff-06891c29114f,Steward: The Gravity Project; OID: 2.16.840.1.113762.1.4.1247.30; Code System(s): SNOMEDCT; Definition Type: Grouping; Definition Version: Latest; Accessed: 2022-02-23 12:59:44,,,True
1000000226,[VSAC] Food Insecurity Goals,[VSAC] Food Insecurity Goals (v1),RP-4A9E,EXTERNAL VSAC,,2022-02-23T17:59:44.525Z,,True,1,Exported from VSAC and bulk imported to N3C.,Clinical Focus: <insert metadata>  - The value sets in this group represent the goals associated with food insecurity as identified by the Gravity Project; Data Element Scope: Supports the Gravity SDOH Clinical Care FHIR Implementation guide for the exchange of goal.description; Inclusion Criteria: Includes SNOMED CT and LOINC goals that have been identified through the Gravity Project community consensus voting process,Exclusion Criteria: N/A,,Initial version.,Under Construction,,,a39723f3-dc9c-48ce-90ff-06891c29114f,Steward: The Gravity Project; OID: 2.16.840.1.113762.1.4.1247.16; Code System(s): SNOMEDCT; Definition Type: Grouping; Definition Version: Latest; Accessed: 2022-02-23 12:59:44,,,True
1000000227,[VSAC] Inadequate Housing  Goals,[VSAC] Inadequate Housing  Goals (v1),RP-4A9E,EXTERNAL VSAC,,2022-02-23T17:59:44.526Z,,True,1,Exported from VSAC and bulk imported to N3C.,Clinical Focus: <insert metadata> The value sets in this group represent the goals associated with inadequate as identified by the Gravity Project; Data Element Scope: Supports the Gravity SDOH Clinical Care FHIR Implementation guide for the exchange of goal.description.; Inclusion Criteria: Includes SNOMED CT goals that have been identified through the Gravity Project community consensus voting process,Exclusion Criteria: N/A,,Initial version.,Under Construction,,,a39723f3-dc9c-48ce-90ff-06891c29114f,Steward: The Gravity Project; OID: 2.16.840.1.113762.1.4.1247.50; Code System(s): SNOMEDCT; Definition Type: Grouping; Definition Version: Latest; Accessed: 2022-02-23 12:59:44,,,True
1000000228,[VSAC] Intimate Partner Violence Goals,[VSAC] Intimate Partner Violence Goals (v1),RP-4A9E,EXTERNAL VSAC,,2022-02-23T17:59:44.526Z,,True,1,Exported from VSAC and bulk imported to N3C.,Clinical Focus: <insert metadata>  - The value sets in this group represent the goals associated with Intimate Partner Violence as identified by the Gravity Project; Data Element Scope: Supports the Gravity SDOH Clinical Care FHIR Implementation guide for the exchange of goal.description.; Inclusion Criteria: Includes SNOMED CT goals that have been identified through the Gravity Project community consensus voting process,Exclusion Criteria: N/A,,Initial version.,Under Construction,,,a39723f3-dc9c-48ce-90ff-06891c29114f,Steward: The Gravity Project; OID: 2.16.840.1.113762.1.4.1247.100; Code System(s): SNOMEDCT; Definition Type: Grouping; Definition Version: Latest; Accessed: 2022-02-23 12:59:44,,,True
1000000229,[VSAC] Less than high school education Goals,[VSAC] Less than high school education Goals (v1),RP-4A9E,EXTERNAL VSAC,,2022-02-23T17:59:44.526Z,,True,1,Exported from VSAC and bulk imported to N3C.,Clinical Focus: <insert metadata>  - The value sets in this group represent the goals associated with less than high school education as identified by the Gravity Project; Data Element Scope: Supports the Gravity SDOH Clinical Care FHIR Implementation guide for the exchange of goal.description.; Inclusion Criteria: Includes SNOMED CT goals that have been identified through the Gravity Project community consensus voting process,Exclusion Criteria: N/A,,Initial version.,Under Construction,,,a39723f3-dc9c-48ce-90ff-06891c29114f,Steward: The Gravity Project; OID: 2.16.840.1.113762.1.4.1247.55; Code System(s): SNOMEDCT; Definition Type: Grouping; Definition Version: Latest; Accessed: 2022-02-23 12:59:44,,,True
1000000230,[VSAC] Material Hardship Goals,[VSAC] Material Hardship Goals (v1),RP-4A9E,EXTERNAL VSAC,,2022-02-23T17:59:44.526Z,,True,1,Exported from VSAC and bulk imported to N3C.,Clinical Focus: <insert metadata>  - The value sets in this group represent the goals associated with material hardship as identified by the Gravity Project; Data Element Scope: Supports the Gravity SDOH Clinical Care FHIR Implementation guide for the exchange of goal.description.; Inclusion Criteria: Includes SNOMED CT goals that have been identified through the Gravity Project community consensus voting process,Exclusion Criteria: N/A,,Initial version.,Under Construction,,,a39723f3-dc9c-48ce-90ff-06891c29114f,Steward: The Gravity Project; OID: 2.16.840.1.113762.1.4.1247.37; Code System(s): SNOMEDCT; Definition Type: Grouping; Definition Version: Latest; Accessed: 2022-02-23 12:59:44,,,True
1000000231,[VSAC] Social Connection Goals,[VSAC] Social Connection Goals (v1),RP-4A9E,EXTERNAL VSAC,,2022-02-23T17:59:44.526Z,,True,1,Exported from VSAC and bulk imported to N3C.,Clinical Focus: <insert metadata> The value sets in this group represent the goals associated with Social Connection as identified by the Gravity Project; Data Element Scope: Supports the Gravity SDOH Clinical Care FHIR Implementation guide for the exchange of goal.description.; Inclusion Criteria: Includes SNOMED CT goals that have been identified through the Gravity Project community consensus voting process,Exclusion Criteria: N/A,,Initial version.,Under Construction,,,a39723f3-dc9c-48ce-90ff-06891c29114f,Steward: The Gravity Project; OID: 2.16.840.1.113762.1.4.1247.89; Code System(s): SNOMEDCT; Definition Type: Grouping; Definition Version: Latest; Accessed: 2022-02-23 12:59:44,,,True
1000000232,[VSAC] Social Determinants of Health Goals,[VSAC] Social Determinants of Health Goals (v1),RP-4A9E,EXTERNAL VSAC,,2022-02-23T17:59:44.526Z,,True,1,Exported from VSAC and bulk imported to N3C.,Clinical Focus: The value sets in this group represent all of the individual domain goals identified by the Gravity Project; Data Element Scope: Supports the Gravity SDOH Clinical Care FHIR Implementation guide for the exchange of goal resource elements.; Inclusion Criteria: Includes SNOMED CT goals that have been identified through the Gravity Project community consensus voting process,Exclusion Criteria: N/A,,Initial version.,Under Construction,,,a39723f3-dc9c-48ce-90ff-06891c29114f,Steward: The Gravity Project; OID: 2.16.840.1.113762.1.4.1247.71; Code System(s): SNOMEDCT; Definition Type: Grouping; Definition Version: Latest; Accessed: 2022-02-23 12:59:44,,,True
1000000233,[VSAC] Stress Goals,[VSAC] Stress Goals (v1),RP-4A9E,EXTERNAL VSAC,,2022-02-23T17:59:44.526Z,,True,1,Exported from VSAC and bulk imported to N3C.,Clinical Focus: <insert metadata>  - The value sets in this group represent the goals associated with Stress as identified by the Gravity Project; Data Element Scope: Supports the Gravity SDOH Clinical Care FHIR Implementation guide for the exchange of goal.description.; Inclusion Criteria: Includes SNOMED CT goals that have been identified through the Gravity Project community consensus voting process,Exclusion Criteria: N/A,,Initial version.,Under Construction,,,a39723f3-dc9c-48ce-90ff-06891c29114f,Steward: The Gravity Project; OID: 2.16.840.1.113762.1.4.1247.86; Code System(s): SNOMEDCT; Definition Type: Grouping; Definition Version: Latest; Accessed: 2022-02-23 12:59:44,,,True
1000000234,[VSAC] Unemployment Goals,[VSAC] Unemployment Goals (v1),RP-4A9E,EXTERNAL VSAC,,2022-02-23T17:59:44.526Z,,True,1,Exported from VSAC and bulk imported to N3C.,Clinical Focus: <insert metadata>  - The value sets in this group represent the goals associated with unemployment as identified by the Gravity Project; Data Element Scope: Supports the Gravity SDOH Clinical Care FHIR Implementation guide for the exchange of goal.description.; Inclusion Criteria: Includes SNOMED CT goals that have been identified through the Gravity Project community consensus voting process,Exclusion Criteria: N/A,,Initial version.,Under Construction,,,a39723f3-dc9c-48ce-90ff-06891c29114f,Steward: The Gravity Project; OID: 2.16.840.1.113762.1.4.1247.70; Code System(s): SNOMEDCT; Definition Type: Grouping; Definition Version: Latest; Accessed: 2022-02-23 12:59:44,,,True
1000000235,[VSAC] Social Determinants of Health Conditions,[VSAC] Social Determinants of Health Conditions (v1),RP-4A9E,EXTERNAL VSAC,,2022-02-23T17:59:44.526Z,,True,1,Exported from VSAC and bulk imported to N3C.,Clinical Focus: The value sets in this group represent all of the individual domain diagnoses identified by the Gravity Project; Data Element Scope: Supports the Gravity SDOH Clinical Care FHIR Implementation guide for the exchange of condition resource elements.; Inclusion Criteria: Includes SNOMED CT and ICD 10 CM diagnoses that have been identified through the Gravity Project community consensus voting process,Exclusion Criteria: N/A,,Initial version.,Under Construction,,,a39723f3-dc9c-48ce-90ff-06891c29114f,"Steward: The Gravity Project; OID: 2.16.840.1.113762.1.4.1196.788; Code System(s): SNOMEDCT,ICD10CM; Definition Type: Grouping; Definition Version: Latest; Accessed: 2022-02-23 12:59:44",,,True
